-- -------------------------------------------------------------
-- TablePlus 6.1.6(570)
--
-- https://tableplus.com/
--
-- Database: doctro
-- Generation Time: 2025-02-25 00:42:41.2380
-- -------------------------------------------------------------


/*!40101 SET @OLD_CHARACTER_SET_CLIENT=@@CHARACTER_SET_CLIENT */;
/*!40101 SET @OLD_CHARACTER_SET_RESULTS=@@CHARACTER_SET_RESULTS */;
/*!40101 SET @OLD_COLLATION_CONNECTION=@@COLLATION_CONNECTION */;
/*!40101 SET NAMES utf8mb4 */;
/*!40014 SET @OLD_UNIQUE_CHECKS=@@UNIQUE_CHECKS, UNIQUE_CHECKS=0 */;
/*!40014 SET @OLD_FOREIGN_KEY_CHECKS=@@FOREIGN_KEY_CHECKS, FOREIGN_KEY_CHECKS=0 */;
/*!40101 SET @OLD_SQL_MODE=@@SQL_MODE, SQL_MODE='NO_AUTO_VALUE_ON_ZERO' */;
/*!40111 SET @OLD_SQL_NOTES=@@SQL_NOTES, SQL_NOTES=0 */;


CREATE TABLE `access_tokens` (
  `id` int NOT NULL AUTO_INCREMENT,
  `user_identifier` varchar(180) COLLATE utf8mb4_unicode_ci NOT NULL,
  `token` varchar(180) COLLATE utf8mb4_unicode_ci NOT NULL,
  `valid_until` timestamp NOT NULL DEFAULT CURRENT_TIMESTAMP,
  `created` timestamp NOT NULL DEFAULT CURRENT_TIMESTAMP,
  `updated` timestamp NOT NULL DEFAULT CURRENT_TIMESTAMP ON UPDATE CURRENT_TIMESTAMP,
  PRIMARY KEY (`id`)
) ENGINE=InnoDB DEFAULT CHARSET=utf8mb4 COLLATE=utf8mb4_unicode_ci;

CREATE TABLE `appointments` (
  `id` int NOT NULL AUTO_INCREMENT,
  `patient_id` int NOT NULL,
  `doctor_id` int NOT NULL,
  `medical_specialty_id` int NOT NULL,
  `hospital_service_id` int NOT NULL,
  `created` timestamp NOT NULL DEFAULT CURRENT_TIMESTAMP,
  `updated` timestamp NOT NULL DEFAULT CURRENT_TIMESTAMP ON UPDATE CURRENT_TIMESTAMP,
  `time_slot_id` int NOT NULL,
  `is_active` tinyint(1) NOT NULL DEFAULT '0',
  PRIMARY KEY (`id`),
  KEY `IDX_6A41727A6B899279` (`patient_id`),
  KEY `IDX_6A41727A87F4FB17` (`doctor_id`),
  KEY `IDX_6A41727ABFC81879` (`medical_specialty_id`),
  KEY `IDX_6A41727A9DFBA0F2` (`hospital_service_id`),
  KEY `IDX_6A41727AD62B0FA` (`time_slot_id`),
  CONSTRAINT `FK_6A41727A6B899279` FOREIGN KEY (`patient_id`) REFERENCES `users` (`id`),
  CONSTRAINT `FK_6A41727A87F4FB17` FOREIGN KEY (`doctor_id`) REFERENCES `users` (`id`),
  CONSTRAINT `FK_6A41727A9DFBA0F2` FOREIGN KEY (`hospital_service_id`) REFERENCES `hospital_services` (`id`),
  CONSTRAINT `FK_6A41727ABFC81879` FOREIGN KEY (`medical_specialty_id`) REFERENCES `medical_specialties` (`id`),
  CONSTRAINT `FK_6A41727AD62B0FA` FOREIGN KEY (`time_slot_id`) REFERENCES `time_slots` (`id`)
) ENGINE=InnoDB AUTO_INCREMENT=13 DEFAULT CHARSET=utf8mb4 COLLATE=utf8mb4_unicode_ci;

CREATE TABLE `doctor_details` (
  `id` int NOT NULL AUTO_INCREMENT,
  `doctor_id` int NOT NULL,
  `stamp` varchar(255) COLLATE utf8mb4_unicode_ci NOT NULL,
  `created` timestamp NOT NULL DEFAULT CURRENT_TIMESTAMP,
  `updated` timestamp NOT NULL DEFAULT CURRENT_TIMESTAMP ON UPDATE CURRENT_TIMESTAMP,
  PRIMARY KEY (`id`),
  UNIQUE KEY `UNIQ_E18B682787F4FB17` (`doctor_id`),
  CONSTRAINT `FK_E18B682787F4FB17` FOREIGN KEY (`doctor_id`) REFERENCES `users` (`id`)
) ENGINE=InnoDB AUTO_INCREMENT=5 DEFAULT CHARSET=utf8mb4 COLLATE=utf8mb4_unicode_ci;

CREATE TABLE `doctor_schedules` (
  `id` int NOT NULL AUTO_INCREMENT,
  `doctor_id` int NOT NULL,
  `date` date NOT NULL,
  PRIMARY KEY (`id`),
  KEY `IDX_FE29BD6587F4FB17` (`doctor_id`),
  CONSTRAINT `FK_FE29BD6587F4FB17` FOREIGN KEY (`doctor_id`) REFERENCES `users` (`id`)
) ENGINE=InnoDB AUTO_INCREMENT=31 DEFAULT CHARSET=utf8mb4 COLLATE=utf8mb4_unicode_ci;

CREATE TABLE `doctor_to_hospital_service` (
  `doctor_id` int NOT NULL,
  `hospital_service_id` int NOT NULL,
  PRIMARY KEY (`doctor_id`,`hospital_service_id`),
  KEY `IDX_A9C5CCF687F4FB17` (`doctor_id`),
  KEY `IDX_A9C5CCF69DFBA0F2` (`hospital_service_id`),
  CONSTRAINT `FK_A9C5CCF687F4FB17` FOREIGN KEY (`doctor_id`) REFERENCES `users` (`id`) ON DELETE CASCADE,
  CONSTRAINT `FK_A9C5CCF69DFBA0F2` FOREIGN KEY (`hospital_service_id`) REFERENCES `hospital_services` (`id`) ON DELETE CASCADE
) ENGINE=InnoDB DEFAULT CHARSET=utf8mb4 COLLATE=utf8mb4_unicode_ci;

CREATE TABLE `doctor_to_medical_specialty` (
  `doctor_id` int NOT NULL,
  `medical_specialty_id` int NOT NULL,
  PRIMARY KEY (`doctor_id`,`medical_specialty_id`),
  KEY `IDX_3C3D22487F4FB17` (`doctor_id`),
  KEY `IDX_3C3D224BFC81879` (`medical_specialty_id`),
  CONSTRAINT `FK_3C3D22487F4FB17` FOREIGN KEY (`doctor_id`) REFERENCES `users` (`id`) ON DELETE CASCADE,
  CONSTRAINT `FK_3C3D224BFC81879` FOREIGN KEY (`medical_specialty_id`) REFERENCES `medical_specialties` (`id`) ON DELETE CASCADE
) ENGINE=InnoDB DEFAULT CHARSET=utf8mb4 COLLATE=utf8mb4_unicode_ci;

CREATE TABLE `doctrine_migration_versions` (
  `version` varchar(191) COLLATE utf8mb3_unicode_ci NOT NULL,
  `executed_at` datetime DEFAULT NULL,
  `execution_time` int DEFAULT NULL,
  PRIMARY KEY (`version`)
) ENGINE=InnoDB DEFAULT CHARSET=utf8mb3 COLLATE=utf8mb3_unicode_ci;

CREATE TABLE `hospital_services` (
  `id` int NOT NULL AUTO_INCREMENT,
  `name` varchar(255) COLLATE utf8mb4_unicode_ci NOT NULL,
  `created` timestamp NOT NULL DEFAULT CURRENT_TIMESTAMP,
  `updated` timestamp NOT NULL DEFAULT CURRENT_TIMESTAMP ON UPDATE CURRENT_TIMESTAMP,
  `description` varchar(255) COLLATE utf8mb4_unicode_ci NOT NULL,
  `price` varchar(255) COLLATE utf8mb4_unicode_ci NOT NULL,
  `is_active` tinyint(1) NOT NULL DEFAULT '0',
  `duration` int NOT NULL,
  `mode` varchar(255) COLLATE utf8mb4_unicode_ci NOT NULL,
  `code` varchar(255) COLLATE utf8mb4_unicode_ci NOT NULL,
  PRIMARY KEY (`id`)
) ENGINE=InnoDB AUTO_INCREMENT=1971 DEFAULT CHARSET=utf8mb4 COLLATE=utf8mb4_unicode_ci;

CREATE TABLE `hospital_settings` (
  `id` int NOT NULL AUTO_INCREMENT,
  `reminder_enabled` tinyint(1) NOT NULL,
  `reminder_sms_message` longtext COLLATE utf8mb4_unicode_ci,
  `reminder_email_message` longtext COLLATE utf8mb4_unicode_ci,
  `confirmation_enabled` tinyint(1) NOT NULL,
  `confirmation_sms_message` longtext COLLATE utf8mb4_unicode_ci,
  `confirmation_email_message` longtext COLLATE utf8mb4_unicode_ci,
  PRIMARY KEY (`id`)
) ENGINE=InnoDB AUTO_INCREMENT=2 DEFAULT CHARSET=utf8mb4 COLLATE=utf8mb4_unicode_ci;

CREATE TABLE `medical_specialties` (
  `id` int NOT NULL AUTO_INCREMENT,
  `code` varchar(255) COLLATE utf8mb4_unicode_ci NOT NULL,
  `name` varchar(255) COLLATE utf8mb4_unicode_ci NOT NULL,
  `created` timestamp NOT NULL DEFAULT CURRENT_TIMESTAMP,
  `updated` timestamp NOT NULL DEFAULT CURRENT_TIMESTAMP ON UPDATE CURRENT_TIMESTAMP,
  PRIMARY KEY (`id`)
) ENGINE=InnoDB AUTO_INCREMENT=102 DEFAULT CHARSET=utf8mb4 COLLATE=utf8mb4_unicode_ci;

CREATE TABLE `time_slots` (
  `id` int NOT NULL AUTO_INCREMENT,
  `schedule_id` int NOT NULL,
  `start_time` time NOT NULL,
  `end_time` time NOT NULL,
  `is_booked` tinyint(1) NOT NULL,
  PRIMARY KEY (`id`),
  KEY `IDX_8D06D4ACA40BC2D5` (`schedule_id`),
  CONSTRAINT `FK_8D06D4ACA40BC2D5` FOREIGN KEY (`schedule_id`) REFERENCES `doctor_schedules` (`id`)
) ENGINE=InnoDB AUTO_INCREMENT=532 DEFAULT CHARSET=utf8mb4 COLLATE=utf8mb4_unicode_ci;

CREATE TABLE `users` (
  `id` int NOT NULL AUTO_INCREMENT,
  `email` varchar(180) COLLATE utf8mb4_unicode_ci NOT NULL,
  `first_name` varchar(255) COLLATE utf8mb4_unicode_ci NOT NULL,
  `last_name` varchar(255) COLLATE utf8mb4_unicode_ci NOT NULL,
  `cnp` varchar(255) COLLATE utf8mb4_unicode_ci NOT NULL,
  `phone` varchar(255) COLLATE utf8mb4_unicode_ci NOT NULL,
  `photo` varchar(255) COLLATE utf8mb4_unicode_ci DEFAULT NULL,
  `roles` json NOT NULL,
  `password` varchar(255) COLLATE utf8mb4_unicode_ci NOT NULL,
  `is_active` tinyint(1) NOT NULL,
  `created` timestamp NOT NULL DEFAULT CURRENT_TIMESTAMP,
  `updated` timestamp NOT NULL DEFAULT CURRENT_TIMESTAMP ON UPDATE CURRENT_TIMESTAMP,
  `user_type` varchar(255) COLLATE utf8mb4_unicode_ci NOT NULL,
  PRIMARY KEY (`id`),
  UNIQUE KEY `UNIQ_1483A5E9E7927C74` (`email`)
) ENGINE=InnoDB AUTO_INCREMENT=95 DEFAULT CHARSET=utf8mb4 COLLATE=utf8mb4_unicode_ci;

INSERT INTO `appointments` (`id`, `patient_id`, `doctor_id`, `medical_specialty_id`, `hospital_service_id`, `created`, `updated`, `time_slot_id`, `is_active`) VALUES
(12, 80, 77, 97, 1970, '2025-02-24 23:39:36', '2025-02-24 23:39:36', 492, 1);

INSERT INTO `doctor_details` (`id`, `doctor_id`, `stamp`, `created`, `updated`) VALUES
(2, 4, '123', '2025-02-11 23:21:24', '2025-02-11 23:21:24'),
(3, 5, '123', '2025-02-11 23:21:24', '2025-02-11 23:21:24'),
(4, 6, '123', '2025-02-16 14:19:18', '2025-02-16 14:19:18');

INSERT INTO `doctor_schedules` (`id`, `doctor_id`, `date`) VALUES
(1, 4, '2025-02-14'),
(2, 4, '2025-02-15'),
(3, 4, '2025-02-16'),
(4, 4, '2025-02-17'),
(5, 4, '2025-02-18'),
(6, 4, '2025-02-19'),
(7, 4, '2025-02-20'),
(8, 4, '2025-02-21'),
(9, 4, '2025-02-22'),
(10, 4, '2025-02-23'),
(11, 4, '2025-02-24'),
(12, 4, '2025-02-25'),
(13, 4, '2025-02-26'),
(14, 5, '2025-02-15'),
(15, 6, '2025-02-17'),
(16, 6, '2025-02-17'),
(17, 6, '2025-02-18'),
(18, 6, '2025-02-24'),
(19, 6, '2025-02-25'),
(20, 6, '2025-03-03'),
(21, 6, '2025-03-04'),
(22, 6, '2025-03-10'),
(23, 6, '2025-03-11'),
(24, 6, '2025-03-17'),
(25, 6, '2025-03-18'),
(26, 6, '2025-03-24'),
(27, 6, '2025-03-25'),
(28, 6, '2025-03-31'),
(29, 77, '2025-02-25'),
(30, 77, '2025-02-26');

INSERT INTO `doctor_to_hospital_service` (`doctor_id`, `hospital_service_id`) VALUES
(77, 1970);

INSERT INTO `doctor_to_medical_specialty` (`doctor_id`, `medical_specialty_id`) VALUES
(77, 97),
(77, 98),
(77, 99),
(77, 100),
(77, 101);

INSERT INTO `doctrine_migration_versions` (`version`, `executed_at`, `execution_time`) VALUES
('DoctrineMigrations\\Version20250213091011', '2025-02-13 11:10:36', 190),
('DoctrineMigrations\\Version20250215132959', '2025-02-15 15:31:41', 129),
('DoctrineMigrations\\Version20250215135452', '2025-02-15 15:54:59', 82),
('DoctrineMigrations\\Version20250216212311', '2025-02-16 23:23:28', 125),
('DoctrineMigrations\\Version20250216220506', '2025-02-17 00:05:10', 105),
('DoctrineMigrations\\Version20250217104145', '2025-02-17 12:41:52', 140),
('DoctrineMigrations\\Version20250217224454', '2025-02-18 00:44:59', 179),
('DoctrineMigrations\\Version20250217230658', '2025-02-18 01:07:06', 88),
('DoctrineMigrations\\Version20250217230904', '2025-02-18 01:09:06', 61),
('DoctrineMigrations\\Version20250218064055', '2025-02-18 08:40:59', 163),
('DoctrineMigrations\\Version20250218064348', '2025-02-18 08:43:54', 69),
('DoctrineMigrations\\Version20250218090226', '2025-02-18 11:03:15', 115),
('DoctrineMigrations\\Version20250224001430', '2025-02-24 02:14:41', 236);

INSERT INTO `hospital_services` (`id`, `name`, `created`, `updated`, `description`, `price`, `is_active`, `duration`, `mode`, `code`) VALUES
(1970, 'Consultatie ambulator', '2025-02-24 17:28:10', '2025-02-24 23:39:36', 'Lorem', '100', 1, 15, 'AMBULATOR', '001');

INSERT INTO `hospital_settings` (`id`, `reminder_enabled`, `reminder_sms_message`, `reminder_email_message`, `confirmation_enabled`, `confirmation_sms_message`, `confirmation_email_message`) VALUES
(1, 1, 'abd', 'abc', 0, NULL, NULL);

INSERT INTO `medical_specialties` (`id`, `code`, `name`, `created`, `updated`) VALUES
(97, '001', 'Neurologie', '2025-02-24 17:27:25', '2025-02-24 17:27:25'),
(98, '002', 'Chirurgie Generala', '2025-02-24 17:27:25', '2025-02-24 17:27:25'),
(99, '003', 'Chirurgie Pediatrica', '2025-02-24 17:27:25', '2025-02-24 17:27:25'),
(100, '004', 'Urologie', '2025-02-24 17:27:25', '2025-02-24 17:27:25'),
(101, '005', 'Chirurgie plastica si reparatorie', '2025-02-24 17:27:25', '2025-02-24 17:27:25');

INSERT INTO `time_slots` (`id`, `schedule_id`, `start_time`, `end_time`, `is_booked`) VALUES
(1, 1, '10:00:00', '11:00:00', 0),
(2, 2, '14:00:00', '18:00:00', 0),
(3, 2, '15:00:00', '18:00:00', 0),
(4, 2, '16:00:00', '18:00:00', 1),
(5, 3, '15:00:00', '18:00:00', 0),
(6, 4, '15:00:00', '18:00:00', 0),
(7, 5, '15:00:00', '18:00:00', 0),
(8, 6, '15:00:00', '18:00:00', 0),
(9, 7, '15:00:00', '18:00:00', 0),
(10, 8, '15:00:00', '18:00:00', 0),
(11, 9, '15:00:00', '18:00:00', 0),
(12, 10, '15:00:00', '18:00:00', 0),
(13, 11, '15:00:00', '18:00:00', 0),
(14, 12, '15:00:00', '18:00:00', 0),
(15, 13, '15:00:00', '18:00:00', 1),
(16, 14, '15:00:00', '18:00:00', 0),
(17, 3, '14:00:00', '15:00:00', 0),
(18, 3, '16:00:00', '15:00:00', 0),
(19, 3, '17:00:00', '15:00:00', 0),
(20, 3, '18:00:00', '18:00:00', 0),
(21, 3, '19:00:00', '18:00:00', 0),
(22, 3, '20:00:00', '18:00:00', 0),
(23, 15, '17:00:00', '17:15:00', 0),
(24, 16, '10:00:00', '10:15:00', 0),
(25, 16, '10:15:00', '10:30:00', 0),
(26, 16, '10:30:00', '10:45:00', 0),
(27, 16, '10:45:00', '11:00:00', 0),
(28, 16, '11:00:00', '11:15:00', 0),
(29, 16, '11:15:00', '11:30:00', 0),
(30, 16, '11:30:00', '11:45:00', 0),
(31, 16, '11:45:00', '12:00:00', 0),
(32, 16, '12:00:00', '12:15:00', 0),
(33, 16, '12:15:00', '12:30:00', 0),
(34, 16, '12:30:00', '12:45:00', 0),
(35, 16, '12:45:00', '13:00:00', 0),
(36, 16, '13:00:00', '13:15:00', 0),
(37, 16, '13:15:00', '13:30:00', 0),
(38, 16, '13:30:00', '13:45:00', 0),
(39, 16, '13:45:00', '14:00:00', 0),
(40, 16, '14:00:00', '14:15:00', 0),
(41, 16, '14:15:00', '14:30:00', 0),
(42, 16, '14:30:00', '14:45:00', 0),
(43, 16, '14:45:00', '15:00:00', 0),
(44, 16, '15:00:00', '15:15:00', 0),
(45, 16, '15:15:00', '15:30:00', 0),
(46, 16, '15:30:00', '15:45:00', 0),
(47, 16, '15:45:00', '16:00:00', 0),
(48, 16, '16:00:00', '16:15:00', 0),
(49, 16, '16:15:00', '16:30:00', 0),
(50, 16, '16:30:00', '16:45:00', 0),
(51, 16, '16:45:00', '17:00:00', 0),
(52, 16, '17:00:00', '17:15:00', 0),
(53, 16, '17:15:00', '17:30:00', 1),
(54, 16, '17:30:00', '17:45:00', 1),
(55, 16, '17:45:00', '18:00:00', 1),
(56, 16, '18:00:00', '18:15:00', 1),
(57, 16, '18:15:00', '18:30:00', 0),
(58, 16, '18:30:00', '18:45:00', 0),
(59, 16, '18:45:00', '19:00:00', 0),
(60, 17, '10:00:00', '10:15:00', 0),
(61, 17, '10:15:00', '10:30:00', 0),
(62, 17, '10:30:00', '10:45:00', 0),
(63, 17, '10:45:00', '11:00:00', 0),
(64, 17, '11:00:00', '11:15:00', 0),
(65, 17, '11:15:00', '11:30:00', 0),
(66, 17, '11:30:00', '11:45:00', 0),
(67, 17, '11:45:00', '12:00:00', 0),
(68, 17, '12:00:00', '12:15:00', 0),
(69, 17, '12:15:00', '12:30:00', 0),
(70, 17, '12:30:00', '12:45:00', 0),
(71, 17, '12:45:00', '13:00:00', 0),
(72, 17, '13:00:00', '13:15:00', 0),
(73, 17, '13:15:00', '13:30:00', 0),
(74, 17, '13:30:00', '13:45:00', 0),
(75, 17, '13:45:00', '14:00:00', 0),
(76, 17, '14:00:00', '14:15:00', 0),
(77, 17, '14:15:00', '14:30:00', 0),
(78, 17, '14:30:00', '14:45:00', 0),
(79, 17, '14:45:00', '15:00:00', 0),
(80, 17, '15:00:00', '15:15:00', 0),
(81, 17, '15:15:00', '15:30:00', 0),
(82, 17, '15:30:00', '15:45:00', 0),
(83, 17, '15:45:00', '16:00:00', 0),
(84, 17, '16:00:00', '16:15:00', 1),
(85, 17, '16:15:00', '16:30:00', 0),
(86, 17, '16:30:00', '16:45:00', 0),
(87, 17, '16:45:00', '17:00:00', 0),
(88, 17, '17:00:00', '17:15:00', 0),
(89, 17, '17:15:00', '17:30:00', 1),
(90, 17, '17:30:00', '17:45:00', 1),
(91, 17, '17:45:00', '18:00:00', 0),
(92, 17, '18:00:00', '18:15:00', 0),
(93, 17, '18:15:00', '18:30:00', 0),
(94, 17, '18:30:00', '18:45:00', 0),
(95, 17, '18:45:00', '19:00:00', 0),
(96, 18, '10:00:00', '10:15:00', 0),
(97, 18, '10:15:00', '10:30:00', 0),
(98, 18, '10:30:00', '10:45:00', 0),
(99, 18, '10:45:00', '11:00:00', 0),
(100, 18, '11:00:00', '11:15:00', 0),
(101, 18, '11:15:00', '11:30:00', 0),
(102, 18, '11:30:00', '11:45:00', 0),
(103, 18, '11:45:00', '12:00:00', 0),
(104, 18, '12:00:00', '12:15:00', 0),
(105, 18, '12:15:00', '12:30:00', 0),
(106, 18, '12:30:00', '12:45:00', 0),
(107, 18, '12:45:00', '13:00:00', 0),
(108, 18, '13:00:00', '13:15:00', 0),
(109, 18, '13:15:00', '13:30:00', 0),
(110, 18, '13:30:00', '13:45:00', 0),
(111, 18, '13:45:00', '14:00:00', 0),
(112, 18, '14:00:00', '14:15:00', 0),
(113, 18, '14:15:00', '14:30:00', 0),
(114, 18, '14:30:00', '14:45:00', 0),
(115, 18, '14:45:00', '15:00:00', 0),
(116, 18, '15:00:00', '15:15:00', 0),
(117, 18, '15:15:00', '15:30:00', 0),
(118, 18, '15:30:00', '15:45:00', 0),
(119, 18, '15:45:00', '16:00:00', 0),
(120, 18, '16:00:00', '16:15:00', 0),
(121, 18, '16:15:00', '16:30:00', 0),
(122, 18, '16:30:00', '16:45:00', 0),
(123, 18, '16:45:00', '17:00:00', 0),
(124, 18, '17:00:00', '17:15:00', 0),
(125, 18, '17:15:00', '17:30:00', 0),
(126, 18, '17:30:00', '17:45:00', 0),
(127, 18, '17:45:00', '18:00:00', 0),
(128, 18, '18:00:00', '18:15:00', 0),
(129, 18, '18:15:00', '18:30:00', 0),
(130, 18, '18:30:00', '18:45:00', 0),
(131, 18, '18:45:00', '19:00:00', 0),
(132, 19, '10:00:00', '10:15:00', 0),
(133, 19, '10:15:00', '10:30:00', 0),
(134, 19, '10:30:00', '10:45:00', 0),
(135, 19, '10:45:00', '11:00:00', 0),
(136, 19, '11:00:00', '11:15:00', 0),
(137, 19, '11:15:00', '11:30:00', 0),
(138, 19, '11:30:00', '11:45:00', 0),
(139, 19, '11:45:00', '12:00:00', 0),
(140, 19, '12:00:00', '12:15:00', 0),
(141, 19, '12:15:00', '12:30:00', 0),
(142, 19, '12:30:00', '12:45:00', 0),
(143, 19, '12:45:00', '13:00:00', 0),
(144, 19, '13:00:00', '13:15:00', 0),
(145, 19, '13:15:00', '13:30:00', 0),
(146, 19, '13:30:00', '13:45:00', 0),
(147, 19, '13:45:00', '14:00:00', 0),
(148, 19, '14:00:00', '14:15:00', 0),
(149, 19, '14:15:00', '14:30:00', 0),
(150, 19, '14:30:00', '14:45:00', 0),
(151, 19, '14:45:00', '15:00:00', 0),
(152, 19, '15:00:00', '15:15:00', 0),
(153, 19, '15:15:00', '15:30:00', 0),
(154, 19, '15:30:00', '15:45:00', 0),
(155, 19, '15:45:00', '16:00:00', 0),
(156, 19, '16:00:00', '16:15:00', 0),
(157, 19, '16:15:00', '16:30:00', 0),
(158, 19, '16:30:00', '16:45:00', 0),
(159, 19, '16:45:00', '17:00:00', 0),
(160, 19, '17:00:00', '17:15:00', 0),
(161, 19, '17:15:00', '17:30:00', 0),
(162, 19, '17:30:00', '17:45:00', 0),
(163, 19, '17:45:00', '18:00:00', 0),
(164, 19, '18:00:00', '18:15:00', 0),
(165, 19, '18:15:00', '18:30:00', 0),
(166, 19, '18:30:00', '18:45:00', 0),
(167, 19, '18:45:00', '19:00:00', 0),
(168, 20, '10:00:00', '10:15:00', 0),
(169, 20, '10:15:00', '10:30:00', 0),
(170, 20, '10:30:00', '10:45:00', 0),
(171, 20, '10:45:00', '11:00:00', 0),
(172, 20, '11:00:00', '11:15:00', 0),
(173, 20, '11:15:00', '11:30:00', 0),
(174, 20, '11:30:00', '11:45:00', 0),
(175, 20, '11:45:00', '12:00:00', 0),
(176, 20, '12:00:00', '12:15:00', 0),
(177, 20, '12:15:00', '12:30:00', 0),
(178, 20, '12:30:00', '12:45:00', 0),
(179, 20, '12:45:00', '13:00:00', 0),
(180, 20, '13:00:00', '13:15:00', 0),
(181, 20, '13:15:00', '13:30:00', 0),
(182, 20, '13:30:00', '13:45:00', 0),
(183, 20, '13:45:00', '14:00:00', 0),
(184, 20, '14:00:00', '14:15:00', 0),
(185, 20, '14:15:00', '14:30:00', 0),
(186, 20, '14:30:00', '14:45:00', 0),
(187, 20, '14:45:00', '15:00:00', 0),
(188, 20, '15:00:00', '15:15:00', 0),
(189, 20, '15:15:00', '15:30:00', 0),
(190, 20, '15:30:00', '15:45:00', 0),
(191, 20, '15:45:00', '16:00:00', 0),
(192, 20, '16:00:00', '16:15:00', 0),
(193, 20, '16:15:00', '16:30:00', 0),
(194, 20, '16:30:00', '16:45:00', 0),
(195, 20, '16:45:00', '17:00:00', 0),
(196, 20, '17:00:00', '17:15:00', 0),
(197, 20, '17:15:00', '17:30:00', 0),
(198, 20, '17:30:00', '17:45:00', 0),
(199, 20, '17:45:00', '18:00:00', 0),
(200, 20, '18:00:00', '18:15:00', 0),
(201, 20, '18:15:00', '18:30:00', 0),
(202, 20, '18:30:00', '18:45:00', 0),
(203, 20, '18:45:00', '19:00:00', 0),
(204, 21, '10:00:00', '10:15:00', 0),
(205, 21, '10:15:00', '10:30:00', 0),
(206, 21, '10:30:00', '10:45:00', 0),
(207, 21, '10:45:00', '11:00:00', 0),
(208, 21, '11:00:00', '11:15:00', 0),
(209, 21, '11:15:00', '11:30:00', 0),
(210, 21, '11:30:00', '11:45:00', 0),
(211, 21, '11:45:00', '12:00:00', 0),
(212, 21, '12:00:00', '12:15:00', 0),
(213, 21, '12:15:00', '12:30:00', 0),
(214, 21, '12:30:00', '12:45:00', 0),
(215, 21, '12:45:00', '13:00:00', 0),
(216, 21, '13:00:00', '13:15:00', 0),
(217, 21, '13:15:00', '13:30:00', 0),
(218, 21, '13:30:00', '13:45:00', 0),
(219, 21, '13:45:00', '14:00:00', 0),
(220, 21, '14:00:00', '14:15:00', 0),
(221, 21, '14:15:00', '14:30:00', 0),
(222, 21, '14:30:00', '14:45:00', 0),
(223, 21, '14:45:00', '15:00:00', 0),
(224, 21, '15:00:00', '15:15:00', 0),
(225, 21, '15:15:00', '15:30:00', 0),
(226, 21, '15:30:00', '15:45:00', 0),
(227, 21, '15:45:00', '16:00:00', 0),
(228, 21, '16:00:00', '16:15:00', 0),
(229, 21, '16:15:00', '16:30:00', 0),
(230, 21, '16:30:00', '16:45:00', 0),
(231, 21, '16:45:00', '17:00:00', 0),
(232, 21, '17:00:00', '17:15:00', 0),
(233, 21, '17:15:00', '17:30:00', 0),
(234, 21, '17:30:00', '17:45:00', 0),
(235, 21, '17:45:00', '18:00:00', 0),
(236, 21, '18:00:00', '18:15:00', 0),
(237, 21, '18:15:00', '18:30:00', 0),
(238, 21, '18:30:00', '18:45:00', 0),
(239, 21, '18:45:00', '19:00:00', 0),
(240, 22, '10:00:00', '10:15:00', 0),
(241, 22, '10:15:00', '10:30:00', 0),
(242, 22, '10:30:00', '10:45:00', 0),
(243, 22, '10:45:00', '11:00:00', 0),
(244, 22, '11:00:00', '11:15:00', 0),
(245, 22, '11:15:00', '11:30:00', 0),
(246, 22, '11:30:00', '11:45:00', 0),
(247, 22, '11:45:00', '12:00:00', 0),
(248, 22, '12:00:00', '12:15:00', 0),
(249, 22, '12:15:00', '12:30:00', 0),
(250, 22, '12:30:00', '12:45:00', 0),
(251, 22, '12:45:00', '13:00:00', 0),
(252, 22, '13:00:00', '13:15:00', 0),
(253, 22, '13:15:00', '13:30:00', 0),
(254, 22, '13:30:00', '13:45:00', 0),
(255, 22, '13:45:00', '14:00:00', 0),
(256, 22, '14:00:00', '14:15:00', 0),
(257, 22, '14:15:00', '14:30:00', 0),
(258, 22, '14:30:00', '14:45:00', 0),
(259, 22, '14:45:00', '15:00:00', 0),
(260, 22, '15:00:00', '15:15:00', 0),
(261, 22, '15:15:00', '15:30:00', 0),
(262, 22, '15:30:00', '15:45:00', 0),
(263, 22, '15:45:00', '16:00:00', 0),
(264, 22, '16:00:00', '16:15:00', 0),
(265, 22, '16:15:00', '16:30:00', 0),
(266, 22, '16:30:00', '16:45:00', 0),
(267, 22, '16:45:00', '17:00:00', 0),
(268, 22, '17:00:00', '17:15:00', 0),
(269, 22, '17:15:00', '17:30:00', 0),
(270, 22, '17:30:00', '17:45:00', 0),
(271, 22, '17:45:00', '18:00:00', 0),
(272, 22, '18:00:00', '18:15:00', 0),
(273, 22, '18:15:00', '18:30:00', 0),
(274, 22, '18:30:00', '18:45:00', 0),
(275, 22, '18:45:00', '19:00:00', 0),
(276, 23, '10:00:00', '10:15:00', 1),
(277, 23, '10:15:00', '10:30:00', 1),
(278, 23, '10:30:00', '10:45:00', 1),
(279, 23, '10:45:00', '11:00:00', 1),
(280, 23, '11:00:00', '11:15:00', 1),
(281, 23, '11:15:00', '11:30:00', 1),
(282, 23, '11:30:00', '11:45:00', 1),
(283, 23, '11:45:00', '12:00:00', 1),
(284, 23, '12:00:00', '12:15:00', 0),
(285, 23, '12:15:00', '12:30:00', 0),
(286, 23, '12:30:00', '12:45:00', 0),
(287, 23, '12:45:00', '13:00:00', 0),
(288, 23, '13:00:00', '13:15:00', 0),
(289, 23, '13:15:00', '13:30:00', 0),
(290, 23, '13:30:00', '13:45:00', 0),
(291, 23, '13:45:00', '14:00:00', 0),
(292, 23, '14:00:00', '14:15:00', 0),
(293, 23, '14:15:00', '14:30:00', 0),
(294, 23, '14:30:00', '14:45:00', 0),
(295, 23, '14:45:00', '15:00:00', 0),
(296, 23, '15:00:00', '15:15:00', 0),
(297, 23, '15:15:00', '15:30:00', 0),
(298, 23, '15:30:00', '15:45:00', 0),
(299, 23, '15:45:00', '16:00:00', 0),
(300, 23, '16:00:00', '16:15:00', 0),
(301, 23, '16:15:00', '16:30:00', 0),
(302, 23, '16:30:00', '16:45:00', 0),
(303, 23, '16:45:00', '17:00:00', 0),
(304, 23, '17:00:00', '17:15:00', 0),
(305, 23, '17:15:00', '17:30:00', 0),
(306, 23, '17:30:00', '17:45:00', 0),
(307, 23, '17:45:00', '18:00:00', 0),
(308, 23, '18:00:00', '18:15:00', 0),
(309, 23, '18:15:00', '18:30:00', 0),
(310, 23, '18:30:00', '18:45:00', 0),
(311, 23, '18:45:00', '19:00:00', 0),
(312, 24, '10:00:00', '10:15:00', 0),
(313, 24, '10:15:00', '10:30:00', 0),
(314, 24, '10:30:00', '10:45:00', 0),
(315, 24, '10:45:00', '11:00:00', 0),
(316, 24, '11:00:00', '11:15:00', 0),
(317, 24, '11:15:00', '11:30:00', 0),
(318, 24, '11:30:00', '11:45:00', 0),
(319, 24, '11:45:00', '12:00:00', 0),
(320, 24, '12:00:00', '12:15:00', 0),
(321, 24, '12:15:00', '12:30:00', 0),
(322, 24, '12:30:00', '12:45:00', 0),
(323, 24, '12:45:00', '13:00:00', 0),
(324, 24, '13:00:00', '13:15:00', 0),
(325, 24, '13:15:00', '13:30:00', 0),
(326, 24, '13:30:00', '13:45:00', 0),
(327, 24, '13:45:00', '14:00:00', 0),
(328, 24, '14:00:00', '14:15:00', 0),
(329, 24, '14:15:00', '14:30:00', 0),
(330, 24, '14:30:00', '14:45:00', 0),
(331, 24, '14:45:00', '15:00:00', 0),
(332, 24, '15:00:00', '15:15:00', 0),
(333, 24, '15:15:00', '15:30:00', 0),
(334, 24, '15:30:00', '15:45:00', 0),
(335, 24, '15:45:00', '16:00:00', 0),
(336, 24, '16:00:00', '16:15:00', 0),
(337, 24, '16:15:00', '16:30:00', 0),
(338, 24, '16:30:00', '16:45:00', 0),
(339, 24, '16:45:00', '17:00:00', 0),
(340, 24, '17:00:00', '17:15:00', 0),
(341, 24, '17:15:00', '17:30:00', 0),
(342, 24, '17:30:00', '17:45:00', 0),
(343, 24, '17:45:00', '18:00:00', 0),
(344, 24, '18:00:00', '18:15:00', 0),
(345, 24, '18:15:00', '18:30:00', 0),
(346, 24, '18:30:00', '18:45:00', 0),
(347, 24, '18:45:00', '19:00:00', 0),
(348, 25, '10:00:00', '10:15:00', 0),
(349, 25, '10:15:00', '10:30:00', 0),
(350, 25, '10:30:00', '10:45:00', 0),
(351, 25, '10:45:00', '11:00:00', 0),
(352, 25, '11:00:00', '11:15:00', 0),
(353, 25, '11:15:00', '11:30:00', 0),
(354, 25, '11:30:00', '11:45:00', 0),
(355, 25, '11:45:00', '12:00:00', 0),
(356, 25, '12:00:00', '12:15:00', 0),
(357, 25, '12:15:00', '12:30:00', 0),
(358, 25, '12:30:00', '12:45:00', 0),
(359, 25, '12:45:00', '13:00:00', 0),
(360, 25, '13:00:00', '13:15:00', 0),
(361, 25, '13:15:00', '13:30:00', 0),
(362, 25, '13:30:00', '13:45:00', 0),
(363, 25, '13:45:00', '14:00:00', 0),
(364, 25, '14:00:00', '14:15:00', 0),
(365, 25, '14:15:00', '14:30:00', 0),
(366, 25, '14:30:00', '14:45:00', 0),
(367, 25, '14:45:00', '15:00:00', 0),
(368, 25, '15:00:00', '15:15:00', 0),
(369, 25, '15:15:00', '15:30:00', 0),
(370, 25, '15:30:00', '15:45:00', 0),
(371, 25, '15:45:00', '16:00:00', 0),
(372, 25, '16:00:00', '16:15:00', 0),
(373, 25, '16:15:00', '16:30:00', 0),
(374, 25, '16:30:00', '16:45:00', 0),
(375, 25, '16:45:00', '17:00:00', 0),
(376, 25, '17:00:00', '17:15:00', 0),
(377, 25, '17:15:00', '17:30:00', 0),
(378, 25, '17:30:00', '17:45:00', 0),
(379, 25, '17:45:00', '18:00:00', 0),
(380, 25, '18:00:00', '18:15:00', 0),
(381, 25, '18:15:00', '18:30:00', 0),
(382, 25, '18:30:00', '18:45:00', 0),
(383, 25, '18:45:00', '19:00:00', 0),
(384, 26, '10:00:00', '10:15:00', 0),
(385, 26, '10:15:00', '10:30:00', 0),
(386, 26, '10:30:00', '10:45:00', 0),
(387, 26, '10:45:00', '11:00:00', 0),
(388, 26, '11:00:00', '11:15:00', 0),
(389, 26, '11:15:00', '11:30:00', 0),
(390, 26, '11:30:00', '11:45:00', 0),
(391, 26, '11:45:00', '12:00:00', 0),
(392, 26, '12:00:00', '12:15:00', 0),
(393, 26, '12:15:00', '12:30:00', 0),
(394, 26, '12:30:00', '12:45:00', 0),
(395, 26, '12:45:00', '13:00:00', 0),
(396, 26, '13:00:00', '13:15:00', 0),
(397, 26, '13:15:00', '13:30:00', 0),
(398, 26, '13:30:00', '13:45:00', 0),
(399, 26, '13:45:00', '14:00:00', 0),
(400, 26, '14:00:00', '14:15:00', 0),
(401, 26, '14:15:00', '14:30:00', 0),
(402, 26, '14:30:00', '14:45:00', 0),
(403, 26, '14:45:00', '15:00:00', 0),
(404, 26, '15:00:00', '15:15:00', 0),
(405, 26, '15:15:00', '15:30:00', 0),
(406, 26, '15:30:00', '15:45:00', 0),
(407, 26, '15:45:00', '16:00:00', 0),
(408, 26, '16:00:00', '16:15:00', 0),
(409, 26, '16:15:00', '16:30:00', 0),
(410, 26, '16:30:00', '16:45:00', 0),
(411, 26, '16:45:00', '17:00:00', 0),
(412, 26, '17:00:00', '17:15:00', 0),
(413, 26, '17:15:00', '17:30:00', 0),
(414, 26, '17:30:00', '17:45:00', 0),
(415, 26, '17:45:00', '18:00:00', 0),
(416, 26, '18:00:00', '18:15:00', 0),
(417, 26, '18:15:00', '18:30:00', 0),
(418, 26, '18:30:00', '18:45:00', 0),
(419, 26, '18:45:00', '19:00:00', 0),
(420, 27, '10:00:00', '10:15:00', 0),
(421, 27, '10:15:00', '10:30:00', 0),
(422, 27, '10:30:00', '10:45:00', 0),
(423, 27, '10:45:00', '11:00:00', 0),
(424, 27, '11:00:00', '11:15:00', 0),
(425, 27, '11:15:00', '11:30:00', 0),
(426, 27, '11:30:00', '11:45:00', 0),
(427, 27, '11:45:00', '12:00:00', 0),
(428, 27, '12:00:00', '12:15:00', 0),
(429, 27, '12:15:00', '12:30:00', 0),
(430, 27, '12:30:00', '12:45:00', 0),
(431, 27, '12:45:00', '13:00:00', 0),
(432, 27, '13:00:00', '13:15:00', 0),
(433, 27, '13:15:00', '13:30:00', 0),
(434, 27, '13:30:00', '13:45:00', 0),
(435, 27, '13:45:00', '14:00:00', 0),
(436, 27, '14:00:00', '14:15:00', 0),
(437, 27, '14:15:00', '14:30:00', 0),
(438, 27, '14:30:00', '14:45:00', 0),
(439, 27, '14:45:00', '15:00:00', 0),
(440, 27, '15:00:00', '15:15:00', 0),
(441, 27, '15:15:00', '15:30:00', 0),
(442, 27, '15:30:00', '15:45:00', 0),
(443, 27, '15:45:00', '16:00:00', 0),
(444, 27, '16:00:00', '16:15:00', 0),
(445, 27, '16:15:00', '16:30:00', 0),
(446, 27, '16:30:00', '16:45:00', 0),
(447, 27, '16:45:00', '17:00:00', 0),
(448, 27, '17:00:00', '17:15:00', 0),
(449, 27, '17:15:00', '17:30:00', 0),
(450, 27, '17:30:00', '17:45:00', 0),
(451, 27, '17:45:00', '18:00:00', 0),
(452, 27, '18:00:00', '18:15:00', 0),
(453, 27, '18:15:00', '18:30:00', 0),
(454, 27, '18:30:00', '18:45:00', 0),
(455, 27, '18:45:00', '19:00:00', 0),
(456, 28, '10:00:00', '10:15:00', 0),
(457, 28, '10:15:00', '10:30:00', 0),
(458, 28, '10:30:00', '10:45:00', 0),
(459, 28, '10:45:00', '11:00:00', 0),
(460, 28, '11:00:00', '11:15:00', 0),
(461, 28, '11:15:00', '11:30:00', 0),
(462, 28, '11:30:00', '11:45:00', 0),
(463, 28, '11:45:00', '12:00:00', 0),
(464, 28, '12:00:00', '12:15:00', 0),
(465, 28, '12:15:00', '12:30:00', 0),
(466, 28, '12:30:00', '12:45:00', 0),
(467, 28, '12:45:00', '13:00:00', 0),
(468, 28, '13:00:00', '13:15:00', 0),
(469, 28, '13:15:00', '13:30:00', 0),
(470, 28, '13:30:00', '13:45:00', 0),
(471, 28, '13:45:00', '14:00:00', 0),
(472, 28, '14:00:00', '14:15:00', 0),
(473, 28, '14:15:00', '14:30:00', 0),
(474, 28, '14:30:00', '14:45:00', 0),
(475, 28, '14:45:00', '15:00:00', 0),
(476, 28, '15:00:00', '15:15:00', 0),
(477, 28, '15:15:00', '15:30:00', 0),
(478, 28, '15:30:00', '15:45:00', 0),
(479, 28, '15:45:00', '16:00:00', 0),
(480, 28, '16:00:00', '16:15:00', 0),
(481, 28, '16:15:00', '16:30:00', 0),
(482, 28, '16:30:00', '16:45:00', 0),
(483, 28, '16:45:00', '17:00:00', 0),
(484, 28, '17:00:00', '17:15:00', 0),
(485, 28, '17:15:00', '17:30:00', 0),
(486, 28, '17:30:00', '17:45:00', 0),
(487, 28, '17:45:00', '18:00:00', 0),
(488, 28, '18:00:00', '18:15:00', 0),
(489, 28, '18:15:00', '18:30:00', 0),
(490, 28, '18:30:00', '18:45:00', 0),
(491, 28, '18:45:00', '19:00:00', 0),
(492, 29, '14:00:00', '14:15:00', 1),
(493, 29, '14:15:00', '14:30:00', 0),
(494, 29, '14:30:00', '14:45:00', 0),
(495, 29, '14:45:00', '15:00:00', 0),
(496, 29, '15:00:00', '15:15:00', 0),
(497, 29, '15:15:00', '15:30:00', 0),
(498, 29, '15:30:00', '15:45:00', 0),
(499, 29, '15:45:00', '16:00:00', 0),
(500, 29, '16:00:00', '16:15:00', 0);

INSERT INTO `time_slots` (`id`, `schedule_id`, `start_time`, `end_time`, `is_booked`) VALUES
(501, 29, '16:15:00', '16:30:00', 0),
(502, 29, '16:30:00', '16:45:00', 0),
(503, 29, '16:45:00', '17:00:00', 0),
(504, 29, '17:00:00', '17:15:00', 0),
(505, 29, '17:15:00', '17:30:00', 0),
(506, 29, '17:30:00', '17:45:00', 0),
(507, 29, '17:45:00', '18:00:00', 0),
(508, 29, '18:00:00', '18:15:00', 0),
(509, 29, '18:15:00', '18:30:00', 0),
(510, 29, '18:30:00', '18:45:00', 0),
(511, 29, '18:45:00', '19:00:00', 0),
(512, 30, '14:00:00', '14:15:00', 0),
(513, 30, '14:15:00', '14:30:00', 0),
(514, 30, '14:30:00', '14:45:00', 0),
(515, 30, '14:45:00', '15:00:00', 0),
(516, 30, '15:00:00', '15:15:00', 0),
(517, 30, '15:15:00', '15:30:00', 0),
(518, 30, '15:30:00', '15:45:00', 0),
(519, 30, '15:45:00', '16:00:00', 0),
(520, 30, '16:00:00', '16:15:00', 0),
(521, 30, '16:15:00', '16:30:00', 0),
(522, 30, '16:30:00', '16:45:00', 0),
(523, 30, '16:45:00', '17:00:00', 0),
(524, 30, '17:00:00', '17:15:00', 0),
(525, 30, '17:15:00', '17:30:00', 0),
(526, 30, '17:30:00', '17:45:00', 0),
(527, 30, '17:45:00', '18:00:00', 0),
(528, 30, '18:00:00', '18:15:00', 0),
(529, 30, '18:15:00', '18:30:00', 0),
(530, 30, '18:30:00', '18:45:00', 0),
(531, 30, '18:45:00', '19:00:00', 0);

INSERT INTO `users` (`id`, `email`, `first_name`, `last_name`, `cnp`, `phone`, `photo`, `roles`, `password`, `is_active`, `created`, `updated`, `user_type`) VALUES
(3, 'cosmin@gheorghila.com', 'Marin', 'Andrei', '1920530410030', '0724520457', NULL, '[\"ROLE_PATIENT\"]', '$2y$13$2BkjQLWE5WiDKZgLi9ld1OXW7e9k.qwX2iIsPuOGw.JU3DEA38lWq', 0, '2025-02-10 21:49:32', '2025-02-16 14:18:37', 'patient'),
(4, 'cosmin+doctor@gheorghila.com', 'Andrei', 'Ion', '1920530410030', '0724520457', NULL, '[\"ROLE_DOCTOR\"]', '$2y$13$2BkjQLWE5WiDKZgLi9ld1OXW7e9k.qwX2iIsPuOGw.JU3DEA38lWq', 0, '2025-02-10 21:49:32', '2025-02-16 14:18:37', 'doctor'),
(5, 'teodor+doctor@gheorghila.com', 'Teodor', 'Munteanu', '1920530410030', '0724520457', NULL, '[\"ROLE_DOCTOR\"]', '$2y$12$4ycLSWIUC9ZEs6hu132JcO4qv5Zs9onmRDfbtaJEDeexEIGHOukqq', 0, '2025-02-10 21:49:32', '2025-02-24 21:54:35', 'doctor'),
(6, 'cosmin+doctor2@gheorghila.com', 'Doctor', 'Two', '1920530410030', '0724520457', NULL, '[\"ROLE_DOCTOR\"]', '$2y$13$sZeXv75sFAS6lOxEeAxlw.NOHXb.2ZMSu5vlHnSsoJ9JxhuDxMpcO', 0, '2025-02-16 16:17:33', '2025-02-17 01:11:12', 'doctor'),
(7, 'cosmin+admin@gheorghila.com', 'Cosmin', 'Admin', '1920530410030', '0724520457', NULL, '[\"ROLE_ADMIN\"]', '$2y$13$mzRYV88lcD38njvWjRvunOcsQPVwk1Y3HHmmlU8d/.EvRZjIZ0gf6', 0, '2025-02-17 22:39:47', '2025-02-17 20:40:19', 'patient'),
(12, 'X', 'CLAUDIA-MARINELA', 'ALMAJANU CIOCILTEANU', '2900901340958', '762617351', '', '[\"ROLE_DOCTOR\"]', '$2y$12$4ycLSWIUC9ZEs6hu132JcO4qv5Zs9onmRDfbtaJEDeexEIGHOukqq', 1, '2025-02-24 02:36:05', '2025-02-24 21:54:35', 'doctor'),
(13, 'sjalexandria@gmail.com', 'ANDREEA', 'APOSTOL', '2900202340437', '40247306750', '', '[\"ROLE_DOCTOR\"]', '$2y$12$4ycLSWIUC9ZEs6hu132JcO4qv5Zs9onmRDfbtaJEDeexEIGHOukqq', 1, '2025-02-24 02:36:05', '2025-02-24 21:54:35', 'doctor'),
(14, 'arghiropololga@gmail.com', 'OLGA', 'ARGHIROPOL', '2570411400274', '40745354119', '', '[\"ROLE_DOCTOR\"]', '$2y$12$4ycLSWIUC9ZEs6hu132JcO4qv5Zs9onmRDfbtaJEDeexEIGHOukqq', 1, '2025-02-24 02:36:05', '2025-02-24 21:54:35', 'doctor'),
(15, 'caminas.banu@yahoo.com', 'CAMINA', 'BANU', '2740805340031', '40247306747', '', '[\"ROLE_DOCTOR\"]', '$2y$12$4ycLSWIUC9ZEs6hu132JcO4qv5Zs9onmRDfbtaJEDeexEIGHOukqq', 1, '2025-02-24 02:36:05', '2025-02-24 21:54:35', 'doctor'),
(16, 'dobretita@gmail.com', 'ADRIAN', 'BOBOC', '1510503340011', '40788679919', '', '[\"ROLE_DOCTOR\"]', '$2y$12$4ycLSWIUC9ZEs6hu132JcO4qv5Zs9onmRDfbtaJEDeexEIGHOukqq', 1, '2025-02-24 02:36:05', '2025-02-24 21:54:35', 'doctor'),
(17, 'marianburtea2009@yahoo.ca', 'AUGUSTIN-MARIAN', 'BURTEA', '1730827180011', '40247306747', '', '[\"ROLE_DOCTOR\"]', '$2y$12$4ycLSWIUC9ZEs6hu132JcO4qv5Zs9onmRDfbtaJEDeexEIGHOukqq', 1, '2025-02-24 02:36:05', '2025-02-24 21:54:35', 'doctor'),
(18, 'cristinagabrielaburtea@yahoo.com', 'CRISTIANA', 'BURTEA', 'NULL', '247306747', '', '[\"ROLE_DOCTOR\"]', '$2y$12$4ycLSWIUC9ZEs6hu132JcO4qv5Zs9onmRDfbtaJEDeexEIGHOukqq', 1, '2025-02-24 02:36:05', '2025-02-24 21:54:35', 'doctor'),
(19, 'violeta.calarasu@yahoo.com', 'VIOLETA', 'CALARASU', '2590808400842', '40247306750', '', '[\"ROLE_DOCTOR\"]', '$2y$12$4ycLSWIUC9ZEs6hu132JcO4qv5Zs9onmRDfbtaJEDeexEIGHOukqq', 1, '2025-02-24 02:36:06', '2025-02-24 21:54:35', 'doctor'),
(20, 'NULL', 'Catalina', 'Calin', '2740103131239', 'NULL', '', '[\"ROLE_DOCTOR\"]', '$2y$12$4ycLSWIUC9ZEs6hu132JcO4qv5Zs9onmRDfbtaJEDeexEIGHOukqq', 1, '2025-02-24 02:36:06', '2025-02-24 21:54:35', 'doctor'),
(21, 'codrutaioana87@yahoo.com', 'Codruta Ioana ', 'Carmocan', '2870610340010', '767249735', '', '[\"ROLE_DOCTOR\"]', '$2y$12$4ycLSWIUC9ZEs6hu132JcO4qv5Zs9onmRDfbtaJEDeexEIGHOukqq', 1, '2025-02-24 02:36:06', '2025-02-24 21:54:35', 'doctor'),
(22, 'chirea_s@yahoo.com', 'SORIN', 'CHIREA', '1610705340035', '40744848659', '', '[\"ROLE_DOCTOR\"]', '$2y$12$4ycLSWIUC9ZEs6hu132JcO4qv5Zs9onmRDfbtaJEDeexEIGHOukqq', 1, '2025-02-24 02:36:06', '2025-02-24 21:54:35', 'doctor'),
(23, 'alinacristinaciobanu@yahoo.com', 'ALINA', 'CIOBANU', '2751108340025', '40247306747', '', '[\"ROLE_DOCTOR\"]', '$2y$12$4ycLSWIUC9ZEs6hu132JcO4qv5Zs9onmRDfbtaJEDeexEIGHOukqq', 1, '2025-02-24 02:36:06', '2025-02-24 21:54:35', 'doctor'),
(24, 'drcirstea@gmail.com', 'GEORGE-OVIDIU', 'CIRSTEA', '1740605340040', '40723646879', '', '[\"ROLE_DOCTOR\"]', '$2y$12$4ycLSWIUC9ZEs6hu132JcO4qv5Zs9onmRDfbtaJEDeexEIGHOukqq', 1, '2025-02-24 02:36:06', '2025-02-24 21:54:35', 'doctor'),
(25, 'gramaelenagrama@yahoo.com', 'ELENA', 'COJOACA', '2810109340442', '770566013', '', '[\"ROLE_DOCTOR\"]', '$2y$12$4ycLSWIUC9ZEs6hu132JcO4qv5Zs9onmRDfbtaJEDeexEIGHOukqq', 1, '2025-02-24 02:36:06', '2025-02-24 21:54:35', 'doctor'),
(26, 'sjualexandria@gmail.com', 'oana', 'constantin', '2850713340470', '40247312490', '', '[\"ROLE_DOCTOR\"]', '$2y$12$4ycLSWIUC9ZEs6hu132JcO4qv5Zs9onmRDfbtaJEDeexEIGHOukqq', 1, '2025-02-24 02:36:06', '2025-02-24 21:54:35', 'doctor'),
(27, 'corburl@yahoo.com', 'RARES LIVIUS', 'CORBU', '1690111430022', '247306750', '', '[\"ROLE_DOCTOR\"]', '$2y$12$4ycLSWIUC9ZEs6hu132JcO4qv5Zs9onmRDfbtaJEDeexEIGHOukqq', 1, '2025-02-24 02:36:06', '2025-02-24 21:54:35', 'doctor'),
(28, 'mariusdam@yahoo.com', 'MARIUS', 'DAMIAN', '1800130340452', '40722216554', '', '[\"ROLE_DOCTOR\"]', '$2y$12$4ycLSWIUC9ZEs6hu132JcO4qv5Zs9onmRDfbtaJEDeexEIGHOukqq', 1, '2025-02-24 02:36:06', '2025-02-24 21:54:35', 'doctor'),
(29, 'slavik.decianu@gmail.com', 'VEACESLAV', 'DECIANU', '1801116410187', '747422614', '', '[\"ROLE_DOCTOR\"]', '$2y$12$4ycLSWIUC9ZEs6hu132JcO4qv5Zs9onmRDfbtaJEDeexEIGHOukqq', 1, '2025-02-24 02:36:06', '2025-02-24 21:54:35', 'doctor'),
(30, 'secretariat@spitalulalexandria.ro', 'LARISA', 'DR. DESCULTU', '2880407340031', 'NULL', '', '[\"ROLE_DOCTOR\"]', '$2y$12$4ycLSWIUC9ZEs6hu132JcO4qv5Zs9onmRDfbtaJEDeexEIGHOukqq', 1, '2025-02-24 02:36:06', '2025-02-24 21:54:35', 'doctor'),
(31, 'ROXANA', 'CARMEN ROXANA', 'DUMITRASCU', '2850625170104', '744487888', '', '[\"ROLE_DOCTOR\"]', '$2y$12$4ycLSWIUC9ZEs6hu132JcO4qv5Zs9onmRDfbtaJEDeexEIGHOukqq', 1, '2025-02-24 02:36:06', '2025-02-24 21:54:35', 'doctor'),
(32, 'robertdusca@gmail.com', 'ROBERT STEFANEL', 'DUSCA', '1841004340027', '724226269', '', '[\"ROLE_DOCTOR\"]', '$2y$12$4ycLSWIUC9ZEs6hu132JcO4qv5Zs9onmRDfbtaJEDeexEIGHOukqq', 1, '2025-02-24 02:36:06', '2025-02-24 21:54:35', 'doctor'),
(33, 'valifilip51@yahoo.com', 'VALENTIN', 'FILIP', '1510610340029', '40722604344', '', '[\"ROLE_DOCTOR\"]', '$2y$12$4ycLSWIUC9ZEs6hu132JcO4qv5Zs9onmRDfbtaJEDeexEIGHOukqq', 1, '2025-02-24 02:36:06', '2025-02-24 21:54:35', 'doctor'),
(34, 'florin_petrica2003@yahoo.com', 'PETRICA', 'FLORIN', '1730615341699', '761634900', '', '[\"ROLE_DOCTOR\"]', '$2y$12$4ycLSWIUC9ZEs6hu132JcO4qv5Zs9onmRDfbtaJEDeexEIGHOukqq', 1, '2025-02-24 02:36:06', '2025-02-24 21:54:35', 'doctor'),
(35, 'alinamad19@yahoo.co.uk', 'MADALINA', 'GAGU', '2821219420053', '40723888465', '', '[\"ROLE_DOCTOR\"]', '$2y$12$4ycLSWIUC9ZEs6hu132JcO4qv5Zs9onmRDfbtaJEDeexEIGHOukqq', 1, '2025-02-24 02:36:07', '2025-02-24 21:54:35', 'doctor'),
(36, 'GHORASHI_KAZEM @YAHOO.COM', 'KAZEM', 'GHORASHI-ALOSEINI', '1620131400331', '729004066', '', '[\"ROLE_DOCTOR\"]', '$2y$12$4ycLSWIUC9ZEs6hu132JcO4qv5Zs9onmRDfbtaJEDeexEIGHOukqq', 1, '2025-02-24 02:36:07', '2025-02-24 21:54:35', 'doctor'),
(37, 'mariagramonsuba@yahoo.com', 'MARIA', 'GRAMON', '2541116340032', '741215424', '', '[\"ROLE_DOCTOR\"]', '$2y$12$4ycLSWIUC9ZEs6hu132JcO4qv5Zs9onmRDfbtaJEDeexEIGHOukqq', 1, '2025-02-24 02:36:07', '2025-02-24 21:54:35', 'doctor'),
(38, 'danielamon@yahoo.com', 'GELU MARIUS', 'GROSU', '1770116170494', '723898928', '', '[\"ROLE_DOCTOR\"]', '$2y$12$4ycLSWIUC9ZEs6hu132JcO4qv5Zs9onmRDfbtaJEDeexEIGHOukqq', 1, '2025-02-24 02:36:07', '2025-02-24 21:54:35', 'doctor'),
(39, 'Xsjalexandria@gmail.com', 'MIHAELA LIVIA', 'GUDAC', '2920630341393', '247306750', '', '[\"ROLE_DOCTOR\"]', '$2y$13$gX69JwoZoPAJf.9FLuBeJuuQbgDSPOpnT6/BufllDYqCowascRY.q', 1, '2025-02-24 02:36:07', '2025-02-24 23:54:57', 'doctor'),
(40, 'DANALUMINITA@yahoo.com', 'DANA LUMINITA', 'IGNAT', '2690705163236', '723898928', '', '[\"ROLE_DOCTOR\"]', '$2y$12$4ycLSWIUC9ZEs6hu132JcO4qv5Zs9onmRDfbtaJEDeexEIGHOukqq', 1, '2025-02-24 02:36:07', '2025-02-24 21:54:35', 'doctor'),
(41, 'ion.alex87@gmail.com', 'ALEXANDRU GEORGE', 'ION', '1870613340447', '742201913', '', '[\"ROLE_DOCTOR\"]', '$2y$12$4ycLSWIUC9ZEs6hu132JcO4qv5Zs9onmRDfbtaJEDeexEIGHOukqq', 1, '2025-02-24 02:36:07', '2025-02-24 21:54:35', 'doctor'),
(42, 'ivascu_vasilica2@yahoo.com', 'VASILICA', 'IVASCU', '2541019340029', '40247306747', '', '[\"ROLE_DOCTOR\"]', '$2y$12$4ycLSWIUC9ZEs6hu132JcO4qv5Zs9onmRDfbtaJEDeexEIGHOukqq', 1, '2025-02-24 02:36:07', '2025-02-24 21:54:35', 'doctor'),
(43, 'l_violeta2002@yahoo.fr', 'ILEANA-VIOLETA', 'LAZAR', '2711001341701', '40764430176', '', '[\"ROLE_DOCTOR\"]', '$2y$12$4ycLSWIUC9ZEs6hu132JcO4qv5Zs9onmRDfbtaJEDeexEIGHOukqq', 1, '2025-02-24 02:36:07', '2025-02-24 21:54:35', 'doctor'),
(44, 'lincu_giorgica@yahoo.com', 'MIHAELA', 'LINCU', '2830518341608', '726463384', '', '[\"ROLE_DOCTOR\"]', '$2y$12$4ycLSWIUC9ZEs6hu132JcO4qv5Zs9onmRDfbtaJEDeexEIGHOukqq', 1, '2025-02-24 02:36:07', '2025-02-24 21:54:35', 'doctor'),
(45, 'codrutamalureanu@gmail.com', 'ELENA', 'MALUREANU', '2770110340016', '40247306744', '', '[\"ROLE_DOCTOR\"]', '$2y$12$4ycLSWIUC9ZEs6hu132JcO4qv5Zs9onmRDfbtaJEDeexEIGHOukqq', 1, '2025-02-24 02:36:07', '2025-02-24 21:54:35', 'doctor'),
(46, 'mandoiu13@yahoo.com', 'DUMITRU', 'MANDOIU', '1550214401009', '40744678094', '', '[\"ROLE_DOCTOR\"]', '$2y$12$4ycLSWIUC9ZEs6hu132JcO4qv5Zs9onmRDfbtaJEDeexEIGHOukqq', 1, '2025-02-24 02:36:07', '2025-02-24 21:54:35', 'doctor'),
(47, 'beatriscismelaru@gmail.com', 'ANA MARIA', 'MARCU', '2880912152481', '721393649', '', '[\"ROLE_DOCTOR\"]', '$2y$12$4ycLSWIUC9ZEs6hu132JcO4qv5Zs9onmRDfbtaJEDeexEIGHOukqq', 1, '2025-02-24 02:36:07', '2025-02-24 21:54:35', 'doctor'),
(48, 'pauldmaxim@yahoo.com', 'PAUL-DRAGOS', 'MAXIM', '1790420131241', '247306781', '', '[\"ROLE_DOCTOR\"]', '$2y$12$4ycLSWIUC9ZEs6hu132JcO4qv5Zs9onmRDfbtaJEDeexEIGHOukqq', 1, '2025-02-24 02:36:07', '2025-02-24 21:54:35', 'doctor'),
(49, 'laviniamunteanu77@yahoo.com', 'RAMONA LAVINIA', 'MUNTEANU', '2770130340041', '247306780', '', '[\"ROLE_DOCTOR\"]', '$2y$12$4ycLSWIUC9ZEs6hu132JcO4qv5Zs9onmRDfbtaJEDeexEIGHOukqq', 1, '2025-02-24 02:36:07', '2025-02-24 21:54:35', 'doctor'),
(50, 'biancaneamu@yahoo.com', 'BIANCA', 'NEAMU', '2850514384974', '786811804', '', '[\"ROLE_DOCTOR\"]', '$2y$12$4ycLSWIUC9ZEs6hu132JcO4qv5Zs9onmRDfbtaJEDeexEIGHOukqq', 1, '2025-02-24 02:36:08', '2025-02-24 21:54:35', 'doctor'),
(51, 'rodicanegru_md@yahoo.com', 'RODICA', 'NEGRU ', 'NULL', '40247306744', '', '[\"ROLE_DOCTOR\"]', '$2y$12$4ycLSWIUC9ZEs6hu132JcO4qv5Zs9onmRDfbtaJEDeexEIGHOukqq', 1, '2025-02-24 02:36:08', '2025-02-24 21:54:35', 'doctor'),
(52, 'gaby_603@yahoo.com', 'GABRIEL', 'NITA', '1821119340912', '767602909', '', '[\"ROLE_DOCTOR\"]', '$2y$12$4ycLSWIUC9ZEs6hu132JcO4qv5Zs9onmRDfbtaJEDeexEIGHOukqq', 1, '2025-02-24 02:36:08', '2025-02-24 21:54:35', 'doctor'),
(53, 'radudaniel_nuta@yahoo.com', 'RADU DANIEL', 'NUTA', '1830424420082', '728445923', '', '[\"ROLE_DOCTOR\"]', '$2y$12$4ycLSWIUC9ZEs6hu132JcO4qv5Zs9onmRDfbtaJEDeexEIGHOukqq', 1, '2025-02-24 02:36:08', '2025-02-24 21:54:35', 'doctor'),
(54, 'ADDYOLTEANU@YAHOO.COM', 'ADRIAN', 'OLTEANU', '1840221341183', '40769624884', '', '[\"ROLE_DOCTOR\"]', '$2y$12$4ycLSWIUC9ZEs6hu132JcO4qv5Zs9onmRDfbtaJEDeexEIGHOukqq', 1, '2025-02-24 02:36:08', '2025-02-24 21:54:35', 'doctor'),
(55, 'drparaschivtatianageanina@yahoo.com', 'TATIANA-GEANINA', 'PARASCHIV', '2671225345397', '40766555648', '', '[\"ROLE_DOCTOR\"]', '$2y$12$4ycLSWIUC9ZEs6hu132JcO4qv5Zs9onmRDfbtaJEDeexEIGHOukqq', 1, '2025-02-24 02:36:08', '2025-02-24 21:54:35', 'doctor'),
(56, 'petcariu.brindusa@gmail.com', 'BRINDUSA', 'PETCARIU', '2850719044905', '40247311685', '', '[\"ROLE_DOCTOR\"]', '$2y$12$4ycLSWIUC9ZEs6hu132JcO4qv5Zs9onmRDfbtaJEDeexEIGHOukqq', 1, '2025-02-24 02:36:08', '2025-02-24 21:54:35', 'doctor'),
(57, 'marianpetrica70@gmail.com', 'MARIN', 'PETRICA', '1700915341695', '40247311685', '', '[\"ROLE_DOCTOR\"]', '$2y$12$4ycLSWIUC9ZEs6hu132JcO4qv5Zs9onmRDfbtaJEDeexEIGHOukqq', 1, '2025-02-24 02:36:08', '2025-02-24 21:54:35', 'doctor'),
(58, 'drpirvan@gmail.com', 'Angelica', 'Pirvan', '2561104340021', '740068621', '', '[\"ROLE_DOCTOR\"]', '$2y$12$4ycLSWIUC9ZEs6hu132JcO4qv5Zs9onmRDfbtaJEDeexEIGHOukqq', 1, '2025-02-24 02:36:08', '2025-02-24 21:54:35', 'doctor'),
(59, 'sju_andreea_popa@yahoo.com', 'ANDREEA', 'POPA', '2790107340016', '40769279312', '', '[\"ROLE_DOCTOR\"]', '$2y$12$4ycLSWIUC9ZEs6hu132JcO4qv5Zs9onmRDfbtaJEDeexEIGHOukqq', 1, '2025-02-24 02:36:08', '2025-02-24 21:54:35', 'doctor'),
(60, 'dcristea_ro@yahoo.co.uk', 'DANIELA-MARIA', 'PREDOAICA', '2731213340040', '247306750', '', '[\"ROLE_DOCTOR\"]', '$2y$12$4ycLSWIUC9ZEs6hu132JcO4qv5Zs9onmRDfbtaJEDeexEIGHOukqq', 1, '2025-02-24 02:36:08', '2025-02-24 21:54:35', 'doctor'),
(61, 'mesteru2001us@yahoo.com', 'ADRIAN', 'RADU', '1730522340017', '722217898', '', '[\"ROLE_DOCTOR\"]', '$2y$12$4ycLSWIUC9ZEs6hu132JcO4qv5Zs9onmRDfbtaJEDeexEIGHOukqq', 1, '2025-02-24 02:36:08', '2025-02-24 21:54:35', 'doctor'),
(62, 'justinretca@yahoo.com', 'JUSTIN', 'RETCA', '1780730364228', '40247306747', '', '[\"ROLE_DOCTOR\"]', '$2y$12$4ycLSWIUC9ZEs6hu132JcO4qv5Zs9onmRDfbtaJEDeexEIGHOukqq', 1, '2025-02-24 02:36:08', '2025-02-24 21:54:35', 'doctor'),
(63, 'sja_virgil@yahoo.com', 'VIRGIL', 'ROSOIU', '1550207340047', '40247306747', '', '[\"ROLE_DOCTOR\"]', '$2y$12$4ycLSWIUC9ZEs6hu132JcO4qv5Zs9onmRDfbtaJEDeexEIGHOukqq', 1, '2025-02-24 02:36:08', '2025-02-24 21:54:35', 'doctor'),
(64, 'andreearusu9@yahoo.ro', 'ANDREEA CRISTINA', 'RUSU', '2860509340464', '40247306750', '', '[\"ROLE_DOCTOR\"]', '$2y$12$4ycLSWIUC9ZEs6hu132JcO4qv5Zs9onmRDfbtaJEDeexEIGHOukqq', 1, '2025-02-24 02:36:08', '2025-02-24 21:54:35', 'doctor'),
(65, 'SAREHMEHRDAD@YAHOO.COM', 'MEHRDAD', 'SAREH', '1670701441541', '723502590', '', '[\"ROLE_DOCTOR\"]', '$2y$12$4ycLSWIUC9ZEs6hu132JcO4qv5Zs9onmRDfbtaJEDeexEIGHOukqq', 1, '2025-02-24 02:36:09', '2025-02-24 21:54:35', 'doctor'),
(66, 'FLORIN.SIMION1987@YAHOO.COM', 'George Florin', 'Simion', '1870419152499', '768958744', '', '[\"ROLE_DOCTOR\"]', '$2y$12$4ycLSWIUC9ZEs6hu132JcO4qv5Zs9onmRDfbtaJEDeexEIGHOukqq', 1, '2025-02-24 02:36:09', '2025-02-24 21:54:35', 'doctor'),
(67, 'soarelorette@yahoo.com', 'Lorette', 'Soare ', '2550405340059', '40247306747', '', '[\"ROLE_DOCTOR\"]', '$2y$12$4ycLSWIUC9ZEs6hu132JcO4qv5Zs9onmRDfbtaJEDeexEIGHOukqq', 1, '2025-02-24 02:36:09', '2025-02-24 21:54:35', 'doctor'),
(68, 'sorintala@yahoo.com', 'SORIN', 'TALA', '1740630040023', '40747603841', '', '[\"ROLE_DOCTOR\"]', '$2y$12$4ycLSWIUC9ZEs6hu132JcO4qv5Zs9onmRDfbtaJEDeexEIGHOukqq', 1, '2025-02-24 02:36:09', '2025-02-24 21:54:35', 'doctor'),
(69, 'dr.tudorcatalin@gmail.com', 'CATALIN', 'TUDOR', '1780912340033', '726275140', '', '[\"ROLE_DOCTOR\"]', '$2y$12$4ycLSWIUC9ZEs6hu132JcO4qv5Zs9onmRDfbtaJEDeexEIGHOukqq', 1, '2025-02-24 02:36:09', '2025-02-24 21:54:35', 'doctor'),
(70, 'sjalexandria@gamil.com', 'MIHAITA', 'TUDOR', '1511209340024', '40247306744', '', '[\"ROLE_DOCTOR\"]', '$2y$12$4ycLSWIUC9ZEs6hu132JcO4qv5Zs9onmRDfbtaJEDeexEIGHOukqq', 1, '2025-02-24 02:36:09', '2025-02-24 21:54:35', 'doctor'),
(71, 'ungureanu_traian87@yahoo.com', 'TRAIAN', 'UNGUREANU', '1870207161699', '40247311685', '', '[\"ROLE_DOCTOR\"]', '$2y$12$4ycLSWIUC9ZEs6hu132JcO4qv5Zs9onmRDfbtaJEDeexEIGHOukqq', 1, '2025-02-24 02:36:09', '2025-02-24 21:54:35', 'doctor'),
(72, 'v_f_virgil@yahoo.com', 'VIRGIL', 'VLASCEANU', '1510823340038', '40744328251', '', '[\"ROLE_DOCTOR\"]', '$2y$12$4ycLSWIUC9ZEs6hu132JcO4qv5Zs9onmRDfbtaJEDeexEIGHOukqq', 1, '2025-02-24 02:36:09', '2025-02-24 21:54:35', 'doctor'),
(73, 'vulcanescual@gmail.com', 'ALEXANDRU', 'VULCANESCU', '1470921400431', '40745997368', '', '[\"ROLE_DOCTOR\"]', '$2y$12$4ycLSWIUC9ZEs6hu132JcO4qv5Zs9onmRDfbtaJEDeexEIGHOukqq', 1, '2025-02-24 02:36:09', '2025-02-24 21:54:35', 'doctor'),
(76, 'fabrizio@test.com', 'Fabrizio', 'Oncinelli', 'test', 'test', NULL, '[\"ROLE_PATIENT\"]', '$2y$12$4ycLSWIUC9ZEs6hu132JcO4qv5Zs9onmRDfbtaJEDeexEIGHOukqq', 1, '2025-02-24 18:52:35', '2025-02-24 21:54:35', 'patient'),
(77, 'medic@test.com', 'Medic', 'Test', 'test', 'test', NULL, '[\"ROLE_DOCTOR\"]', '$2y$13$RcoY5qBkbJUSz7/ZisCiN.JLXq.N7bbM8GOIy3YaoZi4BRfUesK4m', 1, '2025-02-24 19:29:01', '2025-02-24 17:29:22', 'doctor'),
(78, 'pacient@test.com', 'Pacient', 'Test', 'test', 'test', NULL, '[\"ROLE_PATIENT\"]', '$2y$13$fhq9wgEIyCxUmEotDLoCZO4GcfPicUvLpIQ5mYIbIwhiTJ50e9SkG', 1, '2025-02-24 19:47:06', '2025-02-24 19:47:06', 'patient'),
(79, 'admin@test.com', 'Admin', 'Test', 'test', 'test', NULL, '[\"ROLE_ADMIN\"]', '$2y$13$8auW/hlTZclNXjM/E9btJOCcXTxJeVGUOM4UiR47Nf3yjUDJbTW.q', 1, '2025-02-24 19:47:27', '2025-02-24 17:47:44', 'manager'),
(80, 'test@test.com', 'tesmi', 'ttt', 'ttt', 'ttt', NULL, '[\"ROLE_PATIENT\"]', '$2y$13$NiCnWm8LW2UmqhmJFWNx5OYzd.hK9WLrjvgMKP2Y3RjHVhmvIZCr2', 1, '2025-02-24 19:52:32', '2025-02-24 19:52:32', 'patient'),
(81, 'test', 'test', 'test', 'test', 'test', NULL, '[\"ROLE_PATIENT\"]', '$2y$13$k4sXkN6gkSHmBfNcEV6VR.rsXl0yC4oHIRj5xreEtmQXYl0bRqmHC', 1, '2025-02-24 19:54:27', '2025-02-24 19:54:27', 'patient'),
(83, 'test2@test.com', 'test', 'test', 'tst', 'test', NULL, '[\"ROLE_PATIENT\"]', '$2y$13$sbxz35lUrVOHC94MdWafV.up6msBx3uO7dswgxjTae4AjJ9Ud0jbG', 1, '2025-02-24 19:57:11', '2025-02-24 19:57:11', 'patient'),
(84, 'test@test3.com', 'test', 'test', 'test', 'test', NULL, '[\"ROLE_PATIENT\"]', '$2y$13$CPBBbgpQj5HpF2q4EnFdN.GM0m0wssoTypW9Yn9eVpAU6mu9HaAlS', 1, '2025-02-24 19:58:55', '2025-02-24 19:58:55', 'patient'),
(85, 'tesrT@ddd.ro', 'test', 'test', 'test', 'test', NULL, '[\"ROLE_PATIENT\"]', '$2y$13$.0dn5VDU83POocCGBM19vunIKvdY9BMQCudhQPOk5gEKov4V4Gzoy', 1, '2025-02-24 20:04:38', '2025-02-24 20:04:38', 'patient'),
(86, 'test@vvv.com', 'test', 'test', 'test', 'test', NULL, '[\"ROLE_PATIENT\"]', '$2y$13$XhNt7SJuTuK9UDZpZHXuY.dKl1kRMuvzQ7N16kybF9Gxwe/UWG5E2', 1, '2025-02-24 20:06:14', '2025-02-24 20:06:14', 'patient'),
(87, 'test@eee.ro', 'test', 'test', 'test', 'test', NULL, '[\"ROLE_PATIENT\"]', '$2y$13$oMR7p.WC5RC/nXAIyV42F.PVeRVgRgBwqxGlteN8I1kAvMX6ul4VC', 1, '2025-02-24 20:06:59', '2025-02-24 20:06:59', 'patient'),
(88, 'test@ttsdasca.com', 'test', 'test', 'test', 'test', NULL, '[\"ROLE_PATIENT\"]', '$2y$13$QL0QHXEZoilwYw0cmPqRLeqHrV6qgE9StXlGrdvl4jMJphxa/oMPC', 1, '2025-02-24 20:49:36', '2025-02-24 20:49:36', 'patient'),
(90, 'test@blabla.com', 'test', 'test', 'tezt', 'test', NULL, '[\"ROLE_PATIENT\"]', '$2y$13$/dbzYl7iyUuMesLulMmQh.1FGtVMr63CRMqabi9oHcByDN1viVEqO', 1, '2025-02-24 23:30:35', '2025-02-24 23:30:35', 'patient'),
(92, 'test@bula.com', 'test', 'test', 'test', 'test', NULL, '[\"ROLE_PATIENT\"]', '$2y$13$yfIYenmeylf/7//vRpzcwO3ZBTkpTu5pjmJdXCzz2tHb3lE4wx0Ta', 1, '2025-02-24 23:32:02', '2025-02-24 23:32:02', 'patient'),
(93, 'test@iii.com', 'test', 'ts', 'test', 'test', NULL, '[\"ROLE_PATIENT\"]', '$2y$13$9XSiHadKQHC9j6r27u3h7e0WiRlxxU/KpEduu1lmkkhZUOB00lm8.', 1, '2025-02-24 23:32:57', '2025-02-24 23:32:57', 'patient');



/*!40101 SET SQL_MODE=@OLD_SQL_MODE */;
/*!40014 SET FOREIGN_KEY_CHECKS=@OLD_FOREIGN_KEY_CHECKS */;
/*!40014 SET UNIQUE_CHECKS=@OLD_UNIQUE_CHECKS */;
/*!40101 SET CHARACTER_SET_CLIENT=@OLD_CHARACTER_SET_CLIENT */;
/*!40101 SET CHARACTER_SET_RESULTS=@OLD_CHARACTER_SET_RESULTS */;
/*!40101 SET COLLATION_CONNECTION=@OLD_COLLATION_CONNECTION */;
/*!40111 SET SQL_NOTES=@OLD_SQL_NOTES */;