-- -------------------------------------------------------------
-- TablePlus 6.1.6(570)
--
-- https://tableplus.com/
--
-- Database: doctro
-- Generation Time: 2025-02-18 15:07:48.8410
-- -------------------------------------------------------------


/*!40101 SET @OLD_CHARACTER_SET_CLIENT=@@CHARACTER_SET_CLIENT */;
/*!40101 SET @OLD_CHARACTER_SET_RESULTS=@@CHARACTER_SET_RESULTS */;
/*!40101 SET @OLD_COLLATION_CONNECTION=@@COLLATION_CONNECTION */;
/*!40101 SET NAMES utf8mb4 */;
/*!40014 SET @OLD_UNIQUE_CHECKS=@@UNIQUE_CHECKS, UNIQUE_CHECKS=0 */;
/*!40014 SET @OLD_FOREIGN_KEY_CHECKS=@@FOREIGN_KEY_CHECKS, FOREIGN_KEY_CHECKS=0 */;
/*!40101 SET @OLD_SQL_MODE=@@SQL_MODE, SQL_MODE='NO_AUTO_VALUE_ON_ZERO' */;
/*!40111 SET @OLD_SQL_NOTES=@@SQL_NOTES, SQL_NOTES=0 */;


CREATE TABLE `access_tokens` (
  `id` int NOT NULL AUTO_INCREMENT,
  `user_identifier` varchar(180) COLLATE utf8mb4_unicode_ci NOT NULL,
  `token` varchar(180) COLLATE utf8mb4_unicode_ci NOT NULL,
  `valid_until` timestamp NOT NULL DEFAULT CURRENT_TIMESTAMP,
  `created` timestamp NOT NULL DEFAULT CURRENT_TIMESTAMP,
  `updated` timestamp NOT NULL DEFAULT CURRENT_TIMESTAMP ON UPDATE CURRENT_TIMESTAMP,
  PRIMARY KEY (`id`)
) ENGINE=InnoDB DEFAULT CHARSET=utf8mb4 COLLATE=utf8mb4_unicode_ci;

CREATE TABLE `appointments` (
  `id` int NOT NULL AUTO_INCREMENT,
  `patient_id` int NOT NULL,
  `doctor_id` int NOT NULL,
  `medical_specialty_id` int NOT NULL,
  `hospital_service_id` int NOT NULL,
  `created` timestamp NOT NULL DEFAULT CURRENT_TIMESTAMP,
  `updated` timestamp NOT NULL DEFAULT CURRENT_TIMESTAMP ON UPDATE CURRENT_TIMESTAMP,
  `time_slot_id` int NOT NULL,
  `is_active` tinyint(1) NOT NULL DEFAULT '0',
  PRIMARY KEY (`id`),
  KEY `IDX_6A41727A6B899279` (`patient_id`),
  KEY `IDX_6A41727A87F4FB17` (`doctor_id`),
  KEY `IDX_6A41727ABFC81879` (`medical_specialty_id`),
  KEY `IDX_6A41727A9DFBA0F2` (`hospital_service_id`),
  KEY `IDX_6A41727AD62B0FA` (`time_slot_id`),
  CONSTRAINT `FK_6A41727A6B899279` FOREIGN KEY (`patient_id`) REFERENCES `users` (`id`),
  CONSTRAINT `FK_6A41727A87F4FB17` FOREIGN KEY (`doctor_id`) REFERENCES `users` (`id`),
  CONSTRAINT `FK_6A41727A9DFBA0F2` FOREIGN KEY (`hospital_service_id`) REFERENCES `hospital_services` (`id`),
  CONSTRAINT `FK_6A41727ABFC81879` FOREIGN KEY (`medical_specialty_id`) REFERENCES `medical_specialties` (`id`),
  CONSTRAINT `FK_6A41727AD62B0FA` FOREIGN KEY (`time_slot_id`) REFERENCES `time_slots` (`id`)
) ENGINE=InnoDB AUTO_INCREMENT=11 DEFAULT CHARSET=utf8mb4 COLLATE=utf8mb4_unicode_ci;

CREATE TABLE `doctor_details` (
  `id` int NOT NULL AUTO_INCREMENT,
  `doctor_id` int NOT NULL,
  `stamp` varchar(255) COLLATE utf8mb4_unicode_ci NOT NULL,
  `created` timestamp NOT NULL DEFAULT CURRENT_TIMESTAMP,
  `updated` timestamp NOT NULL DEFAULT CURRENT_TIMESTAMP ON UPDATE CURRENT_TIMESTAMP,
  PRIMARY KEY (`id`),
  UNIQUE KEY `UNIQ_E18B682787F4FB17` (`doctor_id`),
  CONSTRAINT `FK_E18B682787F4FB17` FOREIGN KEY (`doctor_id`) REFERENCES `users` (`id`)
) ENGINE=InnoDB AUTO_INCREMENT=5 DEFAULT CHARSET=utf8mb4 COLLATE=utf8mb4_unicode_ci;

CREATE TABLE `doctor_schedules` (
  `id` int NOT NULL AUTO_INCREMENT,
  `doctor_id` int NOT NULL,
  `date` date NOT NULL,
  PRIMARY KEY (`id`),
  KEY `IDX_FE29BD6587F4FB17` (`doctor_id`),
  CONSTRAINT `FK_FE29BD6587F4FB17` FOREIGN KEY (`doctor_id`) REFERENCES `users` (`id`)
) ENGINE=InnoDB AUTO_INCREMENT=29 DEFAULT CHARSET=utf8mb4 COLLATE=utf8mb4_unicode_ci;

CREATE TABLE `doctor_to_hospital_service` (
  `doctor_id` int NOT NULL,
  `hospital_service_id` int NOT NULL,
  PRIMARY KEY (`doctor_id`,`hospital_service_id`),
  KEY `IDX_A9C5CCF687F4FB17` (`doctor_id`),
  KEY `IDX_A9C5CCF69DFBA0F2` (`hospital_service_id`),
  CONSTRAINT `FK_A9C5CCF687F4FB17` FOREIGN KEY (`doctor_id`) REFERENCES `users` (`id`) ON DELETE CASCADE,
  CONSTRAINT `FK_A9C5CCF69DFBA0F2` FOREIGN KEY (`hospital_service_id`) REFERENCES `hospital_services` (`id`) ON DELETE CASCADE
) ENGINE=InnoDB DEFAULT CHARSET=utf8mb4 COLLATE=utf8mb4_unicode_ci;

CREATE TABLE `doctor_to_medical_specialty` (
  `doctor_id` int NOT NULL,
  `medical_specialty_id` int NOT NULL,
  PRIMARY KEY (`doctor_id`,`medical_specialty_id`),
  KEY `IDX_3C3D22487F4FB17` (`doctor_id`),
  KEY `IDX_3C3D224BFC81879` (`medical_specialty_id`),
  CONSTRAINT `FK_3C3D22487F4FB17` FOREIGN KEY (`doctor_id`) REFERENCES `users` (`id`) ON DELETE CASCADE,
  CONSTRAINT `FK_3C3D224BFC81879` FOREIGN KEY (`medical_specialty_id`) REFERENCES `medical_specialties` (`id`) ON DELETE CASCADE
) ENGINE=InnoDB DEFAULT CHARSET=utf8mb4 COLLATE=utf8mb4_unicode_ci;

CREATE TABLE `doctrine_migration_versions` (
  `version` varchar(191) COLLATE utf8mb3_unicode_ci NOT NULL,
  `executed_at` datetime DEFAULT NULL,
  `execution_time` int DEFAULT NULL,
  PRIMARY KEY (`version`)
) ENGINE=InnoDB DEFAULT CHARSET=utf8mb3 COLLATE=utf8mb3_unicode_ci;

CREATE TABLE `hospital_services` (
  `id` int NOT NULL AUTO_INCREMENT,
  `name` varchar(255) COLLATE utf8mb4_unicode_ci NOT NULL,
  `created` timestamp NOT NULL DEFAULT CURRENT_TIMESTAMP,
  `updated` timestamp NOT NULL DEFAULT CURRENT_TIMESTAMP ON UPDATE CURRENT_TIMESTAMP,
  `description` varchar(255) COLLATE utf8mb4_unicode_ci NOT NULL,
  `price` varchar(255) COLLATE utf8mb4_unicode_ci NOT NULL,
  `is_active` tinyint(1) NOT NULL DEFAULT '0',
  `duration` int NOT NULL,
  `mode` varchar(255) COLLATE utf8mb4_unicode_ci NOT NULL,
  PRIMARY KEY (`id`)
) ENGINE=InnoDB AUTO_INCREMENT=4 DEFAULT CHARSET=utf8mb4 COLLATE=utf8mb4_unicode_ci;

CREATE TABLE `hospital_settings` (
  `id` int NOT NULL AUTO_INCREMENT,
  `reminder_enabled` tinyint(1) NOT NULL,
  `reminder_sms_message` longtext COLLATE utf8mb4_unicode_ci,
  `reminder_email_message` longtext COLLATE utf8mb4_unicode_ci,
  `confirmation_enabled` tinyint(1) NOT NULL,
  `confirmation_sms_message` longtext COLLATE utf8mb4_unicode_ci,
  `confirmation_email_message` longtext COLLATE utf8mb4_unicode_ci,
  PRIMARY KEY (`id`)
) ENGINE=InnoDB AUTO_INCREMENT=2 DEFAULT CHARSET=utf8mb4 COLLATE=utf8mb4_unicode_ci;

CREATE TABLE `medical_specialties` (
  `id` int NOT NULL AUTO_INCREMENT,
  `code` varchar(255) COLLATE utf8mb4_unicode_ci NOT NULL,
  `name` varchar(255) COLLATE utf8mb4_unicode_ci NOT NULL,
  `created` timestamp NOT NULL DEFAULT CURRENT_TIMESTAMP,
  `updated` timestamp NOT NULL DEFAULT CURRENT_TIMESTAMP ON UPDATE CURRENT_TIMESTAMP,
  PRIMARY KEY (`id`)
) ENGINE=InnoDB AUTO_INCREMENT=2 DEFAULT CHARSET=utf8mb4 COLLATE=utf8mb4_unicode_ci;

CREATE TABLE `time_slots` (
  `id` int NOT NULL AUTO_INCREMENT,
  `schedule_id` int NOT NULL,
  `start_time` time NOT NULL,
  `end_time` time NOT NULL,
  `is_booked` tinyint(1) NOT NULL,
  PRIMARY KEY (`id`),
  KEY `IDX_8D06D4ACA40BC2D5` (`schedule_id`),
  CONSTRAINT `FK_8D06D4ACA40BC2D5` FOREIGN KEY (`schedule_id`) REFERENCES `doctor_schedules` (`id`)
) ENGINE=InnoDB AUTO_INCREMENT=492 DEFAULT CHARSET=utf8mb4 COLLATE=utf8mb4_unicode_ci;

CREATE TABLE `users` (
  `id` int NOT NULL AUTO_INCREMENT,
  `email` varchar(180) COLLATE utf8mb4_unicode_ci NOT NULL,
  `first_name` varchar(255) COLLATE utf8mb4_unicode_ci NOT NULL,
  `last_name` varchar(255) COLLATE utf8mb4_unicode_ci NOT NULL,
  `cnp` varchar(255) COLLATE utf8mb4_unicode_ci NOT NULL,
  `phone` varchar(255) COLLATE utf8mb4_unicode_ci NOT NULL,
  `photo` varchar(255) COLLATE utf8mb4_unicode_ci DEFAULT NULL,
  `roles` json NOT NULL,
  `password` varchar(255) COLLATE utf8mb4_unicode_ci NOT NULL,
  `is_active` tinyint(1) NOT NULL,
  `created` timestamp NOT NULL DEFAULT CURRENT_TIMESTAMP,
  `updated` timestamp NOT NULL DEFAULT CURRENT_TIMESTAMP ON UPDATE CURRENT_TIMESTAMP,
  `user_type` varchar(255) COLLATE utf8mb4_unicode_ci NOT NULL,
  PRIMARY KEY (`id`),
  UNIQUE KEY `UNIQ_1483A5E9E7927C74` (`email`)
) ENGINE=InnoDB AUTO_INCREMENT=8 DEFAULT CHARSET=utf8mb4 COLLATE=utf8mb4_unicode_ci;

INSERT INTO `appointments` (`id`, `patient_id`, `doctor_id`, `medical_specialty_id`, `hospital_service_id`, `created`, `updated`, `time_slot_id`, `is_active`) VALUES
(10, 3, 6, 1, 1, '2025-02-17 20:13:19', '2025-02-17 20:13:19', 88, 0);

INSERT INTO `doctor_details` (`id`, `doctor_id`, `stamp`, `created`, `updated`) VALUES
(2, 4, '123', '2025-02-11 23:21:24', '2025-02-11 23:21:24'),
(3, 5, '123', '2025-02-11 23:21:24', '2025-02-11 23:21:24'),
(4, 6, '123', '2025-02-16 14:19:18', '2025-02-16 14:19:18');

INSERT INTO `doctor_schedules` (`id`, `doctor_id`, `date`) VALUES
(1, 4, '2025-02-14'),
(2, 4, '2025-02-15'),
(3, 4, '2025-02-16'),
(4, 4, '2025-02-17'),
(5, 4, '2025-02-18'),
(6, 4, '2025-02-19'),
(7, 4, '2025-02-20'),
(8, 4, '2025-02-21'),
(9, 4, '2025-02-22'),
(10, 4, '2025-02-23'),
(11, 4, '2025-02-24'),
(12, 4, '2025-02-25'),
(13, 4, '2025-02-26'),
(14, 5, '2025-02-15'),
(15, 6, '2025-02-17'),
(16, 6, '2025-02-17'),
(17, 6, '2025-02-18'),
(18, 6, '2025-02-24'),
(19, 6, '2025-02-25'),
(20, 6, '2025-03-03'),
(21, 6, '2025-03-04'),
(22, 6, '2025-03-10'),
(23, 6, '2025-03-11'),
(24, 6, '2025-03-17'),
(25, 6, '2025-03-18'),
(26, 6, '2025-03-24'),
(27, 6, '2025-03-25'),
(28, 6, '2025-03-31');

INSERT INTO `doctor_to_hospital_service` (`doctor_id`, `hospital_service_id`) VALUES
(4, 1),
(5, 1),
(6, 1);

INSERT INTO `doctor_to_medical_specialty` (`doctor_id`, `medical_specialty_id`) VALUES
(4, 1),
(5, 1);

INSERT INTO `doctrine_migration_versions` (`version`, `executed_at`, `execution_time`) VALUES
('DoctrineMigrations\\Version20250213091011', '2025-02-13 11:10:36', 190),
('DoctrineMigrations\\Version20250215132959', '2025-02-15 15:31:41', 129),
('DoctrineMigrations\\Version20250215135452', '2025-02-15 15:54:59', 82),
('DoctrineMigrations\\Version20250216212311', '2025-02-16 23:23:28', 125),
('DoctrineMigrations\\Version20250216220506', '2025-02-17 00:05:10', 105),
('DoctrineMigrations\\Version20250217104145', '2025-02-17 12:41:52', 140),
('DoctrineMigrations\\Version20250217224454', '2025-02-18 00:44:59', 179),
('DoctrineMigrations\\Version20250217230658', '2025-02-18 01:07:06', 88),
('DoctrineMigrations\\Version20250217230904', '2025-02-18 01:09:06', 61),
('DoctrineMigrations\\Version20250218064055', '2025-02-18 08:40:59', 163),
('DoctrineMigrations\\Version20250218064348', '2025-02-18 08:43:54', 69),
('DoctrineMigrations\\Version20250218090226', '2025-02-18 11:03:15', 115);

INSERT INTO `hospital_services` (`id`, `name`, `created`, `updated`, `description`, `price`, `is_active`, `duration`, `mode`) VALUES
(1, 'Analize Laborator', '2025-02-12 17:46:11', '2025-02-17 23:09:40', 'Lorem Ipsum dolor akismet', '180', 1, 15, 'AMBULATOR'),
(2, 'Consultatie', '2025-02-12 17:46:11', '2025-02-17 23:09:40', 'Lorem Ipsum dolor akismet', '180', 1, 30, 'AMBULATOR'),
(3, 'Test', '2025-02-18 09:28:00', '2025-02-18 09:28:00', 'test', '100', 0, 15, 'AMBULATOR');

INSERT INTO `hospital_settings` (`id`, `reminder_enabled`, `reminder_sms_message`, `reminder_email_message`, `confirmation_enabled`, `confirmation_sms_message`, `confirmation_email_message`) VALUES
(1, 1, 'abd', 'abc', 0, NULL, NULL);

INSERT INTO `medical_specialties` (`id`, `code`, `name`, `created`, `updated`) VALUES
(1, '001', 'Urologie', '2025-02-12 17:46:32', '2025-02-12 20:59:53');

INSERT INTO `time_slots` (`id`, `schedule_id`, `start_time`, `end_time`, `is_booked`) VALUES
(1, 1, '10:00:00', '11:00:00', 0),
(2, 2, '14:00:00', '18:00:00', 0),
(3, 2, '15:00:00', '18:00:00', 0),
(4, 2, '16:00:00', '18:00:00', 1),
(5, 3, '15:00:00', '18:00:00', 0),
(6, 4, '15:00:00', '18:00:00', 0),
(7, 5, '15:00:00', '18:00:00', 0),
(8, 6, '15:00:00', '18:00:00', 0),
(9, 7, '15:00:00', '18:00:00', 0),
(10, 8, '15:00:00', '18:00:00', 0),
(11, 9, '15:00:00', '18:00:00', 0),
(12, 10, '15:00:00', '18:00:00', 0),
(13, 11, '15:00:00', '18:00:00', 0),
(14, 12, '15:00:00', '18:00:00', 0),
(15, 13, '15:00:00', '18:00:00', 0),
(16, 14, '15:00:00', '18:00:00', 0),
(17, 3, '14:00:00', '15:00:00', 0),
(18, 3, '16:00:00', '15:00:00', 0),
(19, 3, '17:00:00', '15:00:00', 0),
(20, 3, '18:00:00', '18:00:00', 0),
(21, 3, '19:00:00', '18:00:00', 0),
(22, 3, '20:00:00', '18:00:00', 0),
(23, 15, '17:00:00', '17:15:00', 0),
(24, 16, '10:00:00', '10:15:00', 0),
(25, 16, '10:15:00', '10:30:00', 0),
(26, 16, '10:30:00', '10:45:00', 0),
(27, 16, '10:45:00', '11:00:00', 0),
(28, 16, '11:00:00', '11:15:00', 0),
(29, 16, '11:15:00', '11:30:00', 0),
(30, 16, '11:30:00', '11:45:00', 0),
(31, 16, '11:45:00', '12:00:00', 0),
(32, 16, '12:00:00', '12:15:00', 0),
(33, 16, '12:15:00', '12:30:00', 0),
(34, 16, '12:30:00', '12:45:00', 0),
(35, 16, '12:45:00', '13:00:00', 0),
(36, 16, '13:00:00', '13:15:00', 0),
(37, 16, '13:15:00', '13:30:00', 0),
(38, 16, '13:30:00', '13:45:00', 0),
(39, 16, '13:45:00', '14:00:00', 0),
(40, 16, '14:00:00', '14:15:00', 0),
(41, 16, '14:15:00', '14:30:00', 0),
(42, 16, '14:30:00', '14:45:00', 0),
(43, 16, '14:45:00', '15:00:00', 0),
(44, 16, '15:00:00', '15:15:00', 0),
(45, 16, '15:15:00', '15:30:00', 0),
(46, 16, '15:30:00', '15:45:00', 0),
(47, 16, '15:45:00', '16:00:00', 0),
(48, 16, '16:00:00', '16:15:00', 0),
(49, 16, '16:15:00', '16:30:00', 0),
(50, 16, '16:30:00', '16:45:00', 0),
(51, 16, '16:45:00', '17:00:00', 0),
(52, 16, '17:00:00', '17:15:00', 0),
(53, 16, '17:15:00', '17:30:00', 1),
(54, 16, '17:30:00', '17:45:00', 1),
(55, 16, '17:45:00', '18:00:00', 1),
(56, 16, '18:00:00', '18:15:00', 1),
(57, 16, '18:15:00', '18:30:00', 0),
(58, 16, '18:30:00', '18:45:00', 0),
(59, 16, '18:45:00', '19:00:00', 0),
(60, 17, '10:00:00', '10:15:00', 0),
(61, 17, '10:15:00', '10:30:00', 0),
(62, 17, '10:30:00', '10:45:00', 0),
(63, 17, '10:45:00', '11:00:00', 0),
(64, 17, '11:00:00', '11:15:00', 0),
(65, 17, '11:15:00', '11:30:00', 0),
(66, 17, '11:30:00', '11:45:00', 0),
(67, 17, '11:45:00', '12:00:00', 0),
(68, 17, '12:00:00', '12:15:00', 0),
(69, 17, '12:15:00', '12:30:00', 0),
(70, 17, '12:30:00', '12:45:00', 0),
(71, 17, '12:45:00', '13:00:00', 0),
(72, 17, '13:00:00', '13:15:00', 0),
(73, 17, '13:15:00', '13:30:00', 0),
(74, 17, '13:30:00', '13:45:00', 0),
(75, 17, '13:45:00', '14:00:00', 0),
(76, 17, '14:00:00', '14:15:00', 0),
(77, 17, '14:15:00', '14:30:00', 0),
(78, 17, '14:30:00', '14:45:00', 0),
(79, 17, '14:45:00', '15:00:00', 0),
(80, 17, '15:00:00', '15:15:00', 0),
(81, 17, '15:15:00', '15:30:00', 0),
(82, 17, '15:30:00', '15:45:00', 0),
(83, 17, '15:45:00', '16:00:00', 0),
(84, 17, '16:00:00', '16:15:00', 1),
(85, 17, '16:15:00', '16:30:00', 0),
(86, 17, '16:30:00', '16:45:00', 0),
(87, 17, '16:45:00', '17:00:00', 0),
(88, 17, '17:00:00', '17:15:00', 1),
(89, 17, '17:15:00', '17:30:00', 1),
(90, 17, '17:30:00', '17:45:00', 1),
(91, 17, '17:45:00', '18:00:00', 0),
(92, 17, '18:00:00', '18:15:00', 0),
(93, 17, '18:15:00', '18:30:00', 0),
(94, 17, '18:30:00', '18:45:00', 0),
(95, 17, '18:45:00', '19:00:00', 0),
(96, 18, '10:00:00', '10:15:00', 0),
(97, 18, '10:15:00', '10:30:00', 0),
(98, 18, '10:30:00', '10:45:00', 0),
(99, 18, '10:45:00', '11:00:00', 0),
(100, 18, '11:00:00', '11:15:00', 0),
(101, 18, '11:15:00', '11:30:00', 0),
(102, 18, '11:30:00', '11:45:00', 0),
(103, 18, '11:45:00', '12:00:00', 0),
(104, 18, '12:00:00', '12:15:00', 0),
(105, 18, '12:15:00', '12:30:00', 0),
(106, 18, '12:30:00', '12:45:00', 0),
(107, 18, '12:45:00', '13:00:00', 0),
(108, 18, '13:00:00', '13:15:00', 0),
(109, 18, '13:15:00', '13:30:00', 0),
(110, 18, '13:30:00', '13:45:00', 0),
(111, 18, '13:45:00', '14:00:00', 0),
(112, 18, '14:00:00', '14:15:00', 0),
(113, 18, '14:15:00', '14:30:00', 0),
(114, 18, '14:30:00', '14:45:00', 0),
(115, 18, '14:45:00', '15:00:00', 0),
(116, 18, '15:00:00', '15:15:00', 0),
(117, 18, '15:15:00', '15:30:00', 0),
(118, 18, '15:30:00', '15:45:00', 0),
(119, 18, '15:45:00', '16:00:00', 0),
(120, 18, '16:00:00', '16:15:00', 0),
(121, 18, '16:15:00', '16:30:00', 0),
(122, 18, '16:30:00', '16:45:00', 0),
(123, 18, '16:45:00', '17:00:00', 0),
(124, 18, '17:00:00', '17:15:00', 0),
(125, 18, '17:15:00', '17:30:00', 0),
(126, 18, '17:30:00', '17:45:00', 0),
(127, 18, '17:45:00', '18:00:00', 0),
(128, 18, '18:00:00', '18:15:00', 0),
(129, 18, '18:15:00', '18:30:00', 0),
(130, 18, '18:30:00', '18:45:00', 0),
(131, 18, '18:45:00', '19:00:00', 0),
(132, 19, '10:00:00', '10:15:00', 0),
(133, 19, '10:15:00', '10:30:00', 0),
(134, 19, '10:30:00', '10:45:00', 0),
(135, 19, '10:45:00', '11:00:00', 0),
(136, 19, '11:00:00', '11:15:00', 0),
(137, 19, '11:15:00', '11:30:00', 0),
(138, 19, '11:30:00', '11:45:00', 0),
(139, 19, '11:45:00', '12:00:00', 0),
(140, 19, '12:00:00', '12:15:00', 0),
(141, 19, '12:15:00', '12:30:00', 0),
(142, 19, '12:30:00', '12:45:00', 0),
(143, 19, '12:45:00', '13:00:00', 0),
(144, 19, '13:00:00', '13:15:00', 0),
(145, 19, '13:15:00', '13:30:00', 0),
(146, 19, '13:30:00', '13:45:00', 0),
(147, 19, '13:45:00', '14:00:00', 0),
(148, 19, '14:00:00', '14:15:00', 0),
(149, 19, '14:15:00', '14:30:00', 0),
(150, 19, '14:30:00', '14:45:00', 0),
(151, 19, '14:45:00', '15:00:00', 0),
(152, 19, '15:00:00', '15:15:00', 0),
(153, 19, '15:15:00', '15:30:00', 0),
(154, 19, '15:30:00', '15:45:00', 0),
(155, 19, '15:45:00', '16:00:00', 0),
(156, 19, '16:00:00', '16:15:00', 0),
(157, 19, '16:15:00', '16:30:00', 0),
(158, 19, '16:30:00', '16:45:00', 0),
(159, 19, '16:45:00', '17:00:00', 0),
(160, 19, '17:00:00', '17:15:00', 0),
(161, 19, '17:15:00', '17:30:00', 0),
(162, 19, '17:30:00', '17:45:00', 0),
(163, 19, '17:45:00', '18:00:00', 0),
(164, 19, '18:00:00', '18:15:00', 0),
(165, 19, '18:15:00', '18:30:00', 0),
(166, 19, '18:30:00', '18:45:00', 0),
(167, 19, '18:45:00', '19:00:00', 0),
(168, 20, '10:00:00', '10:15:00', 0),
(169, 20, '10:15:00', '10:30:00', 0),
(170, 20, '10:30:00', '10:45:00', 0),
(171, 20, '10:45:00', '11:00:00', 0),
(172, 20, '11:00:00', '11:15:00', 0),
(173, 20, '11:15:00', '11:30:00', 0),
(174, 20, '11:30:00', '11:45:00', 0),
(175, 20, '11:45:00', '12:00:00', 0),
(176, 20, '12:00:00', '12:15:00', 0),
(177, 20, '12:15:00', '12:30:00', 0),
(178, 20, '12:30:00', '12:45:00', 0),
(179, 20, '12:45:00', '13:00:00', 0),
(180, 20, '13:00:00', '13:15:00', 0),
(181, 20, '13:15:00', '13:30:00', 0),
(182, 20, '13:30:00', '13:45:00', 0),
(183, 20, '13:45:00', '14:00:00', 0),
(184, 20, '14:00:00', '14:15:00', 0),
(185, 20, '14:15:00', '14:30:00', 0),
(186, 20, '14:30:00', '14:45:00', 0),
(187, 20, '14:45:00', '15:00:00', 0),
(188, 20, '15:00:00', '15:15:00', 0),
(189, 20, '15:15:00', '15:30:00', 0),
(190, 20, '15:30:00', '15:45:00', 0),
(191, 20, '15:45:00', '16:00:00', 0),
(192, 20, '16:00:00', '16:15:00', 0),
(193, 20, '16:15:00', '16:30:00', 0),
(194, 20, '16:30:00', '16:45:00', 0),
(195, 20, '16:45:00', '17:00:00', 0),
(196, 20, '17:00:00', '17:15:00', 0),
(197, 20, '17:15:00', '17:30:00', 0),
(198, 20, '17:30:00', '17:45:00', 0),
(199, 20, '17:45:00', '18:00:00', 0),
(200, 20, '18:00:00', '18:15:00', 0),
(201, 20, '18:15:00', '18:30:00', 0),
(202, 20, '18:30:00', '18:45:00', 0),
(203, 20, '18:45:00', '19:00:00', 0),
(204, 21, '10:00:00', '10:15:00', 0),
(205, 21, '10:15:00', '10:30:00', 0),
(206, 21, '10:30:00', '10:45:00', 0),
(207, 21, '10:45:00', '11:00:00', 0),
(208, 21, '11:00:00', '11:15:00', 0),
(209, 21, '11:15:00', '11:30:00', 0),
(210, 21, '11:30:00', '11:45:00', 0),
(211, 21, '11:45:00', '12:00:00', 0),
(212, 21, '12:00:00', '12:15:00', 0),
(213, 21, '12:15:00', '12:30:00', 0),
(214, 21, '12:30:00', '12:45:00', 0),
(215, 21, '12:45:00', '13:00:00', 0),
(216, 21, '13:00:00', '13:15:00', 0),
(217, 21, '13:15:00', '13:30:00', 0),
(218, 21, '13:30:00', '13:45:00', 0),
(219, 21, '13:45:00', '14:00:00', 0),
(220, 21, '14:00:00', '14:15:00', 0),
(221, 21, '14:15:00', '14:30:00', 0),
(222, 21, '14:30:00', '14:45:00', 0),
(223, 21, '14:45:00', '15:00:00', 0),
(224, 21, '15:00:00', '15:15:00', 0),
(225, 21, '15:15:00', '15:30:00', 0),
(226, 21, '15:30:00', '15:45:00', 0),
(227, 21, '15:45:00', '16:00:00', 0),
(228, 21, '16:00:00', '16:15:00', 0),
(229, 21, '16:15:00', '16:30:00', 0),
(230, 21, '16:30:00', '16:45:00', 0),
(231, 21, '16:45:00', '17:00:00', 0),
(232, 21, '17:00:00', '17:15:00', 0),
(233, 21, '17:15:00', '17:30:00', 0),
(234, 21, '17:30:00', '17:45:00', 0),
(235, 21, '17:45:00', '18:00:00', 0),
(236, 21, '18:00:00', '18:15:00', 0),
(237, 21, '18:15:00', '18:30:00', 0),
(238, 21, '18:30:00', '18:45:00', 0),
(239, 21, '18:45:00', '19:00:00', 0),
(240, 22, '10:00:00', '10:15:00', 0),
(241, 22, '10:15:00', '10:30:00', 0),
(242, 22, '10:30:00', '10:45:00', 0),
(243, 22, '10:45:00', '11:00:00', 0),
(244, 22, '11:00:00', '11:15:00', 0),
(245, 22, '11:15:00', '11:30:00', 0),
(246, 22, '11:30:00', '11:45:00', 0),
(247, 22, '11:45:00', '12:00:00', 0),
(248, 22, '12:00:00', '12:15:00', 0),
(249, 22, '12:15:00', '12:30:00', 0),
(250, 22, '12:30:00', '12:45:00', 0),
(251, 22, '12:45:00', '13:00:00', 0),
(252, 22, '13:00:00', '13:15:00', 0),
(253, 22, '13:15:00', '13:30:00', 0),
(254, 22, '13:30:00', '13:45:00', 0),
(255, 22, '13:45:00', '14:00:00', 0),
(256, 22, '14:00:00', '14:15:00', 0),
(257, 22, '14:15:00', '14:30:00', 0),
(258, 22, '14:30:00', '14:45:00', 0),
(259, 22, '14:45:00', '15:00:00', 0),
(260, 22, '15:00:00', '15:15:00', 0),
(261, 22, '15:15:00', '15:30:00', 0),
(262, 22, '15:30:00', '15:45:00', 0),
(263, 22, '15:45:00', '16:00:00', 0),
(264, 22, '16:00:00', '16:15:00', 0),
(265, 22, '16:15:00', '16:30:00', 0),
(266, 22, '16:30:00', '16:45:00', 0),
(267, 22, '16:45:00', '17:00:00', 0),
(268, 22, '17:00:00', '17:15:00', 0),
(269, 22, '17:15:00', '17:30:00', 0),
(270, 22, '17:30:00', '17:45:00', 0),
(271, 22, '17:45:00', '18:00:00', 0),
(272, 22, '18:00:00', '18:15:00', 0),
(273, 22, '18:15:00', '18:30:00', 0),
(274, 22, '18:30:00', '18:45:00', 0),
(275, 22, '18:45:00', '19:00:00', 0),
(276, 23, '10:00:00', '10:15:00', 1),
(277, 23, '10:15:00', '10:30:00', 1),
(278, 23, '10:30:00', '10:45:00', 1),
(279, 23, '10:45:00', '11:00:00', 1),
(280, 23, '11:00:00', '11:15:00', 1),
(281, 23, '11:15:00', '11:30:00', 1),
(282, 23, '11:30:00', '11:45:00', 1),
(283, 23, '11:45:00', '12:00:00', 1),
(284, 23, '12:00:00', '12:15:00', 0),
(285, 23, '12:15:00', '12:30:00', 0),
(286, 23, '12:30:00', '12:45:00', 0),
(287, 23, '12:45:00', '13:00:00', 0),
(288, 23, '13:00:00', '13:15:00', 0),
(289, 23, '13:15:00', '13:30:00', 0),
(290, 23, '13:30:00', '13:45:00', 0),
(291, 23, '13:45:00', '14:00:00', 0),
(292, 23, '14:00:00', '14:15:00', 0),
(293, 23, '14:15:00', '14:30:00', 0),
(294, 23, '14:30:00', '14:45:00', 0),
(295, 23, '14:45:00', '15:00:00', 0),
(296, 23, '15:00:00', '15:15:00', 0),
(297, 23, '15:15:00', '15:30:00', 0),
(298, 23, '15:30:00', '15:45:00', 0),
(299, 23, '15:45:00', '16:00:00', 0),
(300, 23, '16:00:00', '16:15:00', 0),
(301, 23, '16:15:00', '16:30:00', 0),
(302, 23, '16:30:00', '16:45:00', 0),
(303, 23, '16:45:00', '17:00:00', 0),
(304, 23, '17:00:00', '17:15:00', 0),
(305, 23, '17:15:00', '17:30:00', 0),
(306, 23, '17:30:00', '17:45:00', 0),
(307, 23, '17:45:00', '18:00:00', 0),
(308, 23, '18:00:00', '18:15:00', 0),
(309, 23, '18:15:00', '18:30:00', 0),
(310, 23, '18:30:00', '18:45:00', 0),
(311, 23, '18:45:00', '19:00:00', 0),
(312, 24, '10:00:00', '10:15:00', 0),
(313, 24, '10:15:00', '10:30:00', 0),
(314, 24, '10:30:00', '10:45:00', 0),
(315, 24, '10:45:00', '11:00:00', 0),
(316, 24, '11:00:00', '11:15:00', 0),
(317, 24, '11:15:00', '11:30:00', 0),
(318, 24, '11:30:00', '11:45:00', 0),
(319, 24, '11:45:00', '12:00:00', 0),
(320, 24, '12:00:00', '12:15:00', 0),
(321, 24, '12:15:00', '12:30:00', 0),
(322, 24, '12:30:00', '12:45:00', 0),
(323, 24, '12:45:00', '13:00:00', 0),
(324, 24, '13:00:00', '13:15:00', 0),
(325, 24, '13:15:00', '13:30:00', 0),
(326, 24, '13:30:00', '13:45:00', 0),
(327, 24, '13:45:00', '14:00:00', 0),
(328, 24, '14:00:00', '14:15:00', 0),
(329, 24, '14:15:00', '14:30:00', 0),
(330, 24, '14:30:00', '14:45:00', 0),
(331, 24, '14:45:00', '15:00:00', 0),
(332, 24, '15:00:00', '15:15:00', 0),
(333, 24, '15:15:00', '15:30:00', 0),
(334, 24, '15:30:00', '15:45:00', 0),
(335, 24, '15:45:00', '16:00:00', 0),
(336, 24, '16:00:00', '16:15:00', 0),
(337, 24, '16:15:00', '16:30:00', 0),
(338, 24, '16:30:00', '16:45:00', 0),
(339, 24, '16:45:00', '17:00:00', 0),
(340, 24, '17:00:00', '17:15:00', 0),
(341, 24, '17:15:00', '17:30:00', 0),
(342, 24, '17:30:00', '17:45:00', 0),
(343, 24, '17:45:00', '18:00:00', 0),
(344, 24, '18:00:00', '18:15:00', 0),
(345, 24, '18:15:00', '18:30:00', 0),
(346, 24, '18:30:00', '18:45:00', 0),
(347, 24, '18:45:00', '19:00:00', 0),
(348, 25, '10:00:00', '10:15:00', 0),
(349, 25, '10:15:00', '10:30:00', 0),
(350, 25, '10:30:00', '10:45:00', 0),
(351, 25, '10:45:00', '11:00:00', 0),
(352, 25, '11:00:00', '11:15:00', 0),
(353, 25, '11:15:00', '11:30:00', 0),
(354, 25, '11:30:00', '11:45:00', 0),
(355, 25, '11:45:00', '12:00:00', 0),
(356, 25, '12:00:00', '12:15:00', 0),
(357, 25, '12:15:00', '12:30:00', 0),
(358, 25, '12:30:00', '12:45:00', 0),
(359, 25, '12:45:00', '13:00:00', 0),
(360, 25, '13:00:00', '13:15:00', 0),
(361, 25, '13:15:00', '13:30:00', 0),
(362, 25, '13:30:00', '13:45:00', 0),
(363, 25, '13:45:00', '14:00:00', 0),
(364, 25, '14:00:00', '14:15:00', 0),
(365, 25, '14:15:00', '14:30:00', 0),
(366, 25, '14:30:00', '14:45:00', 0),
(367, 25, '14:45:00', '15:00:00', 0),
(368, 25, '15:00:00', '15:15:00', 0),
(369, 25, '15:15:00', '15:30:00', 0),
(370, 25, '15:30:00', '15:45:00', 0),
(371, 25, '15:45:00', '16:00:00', 0),
(372, 25, '16:00:00', '16:15:00', 0),
(373, 25, '16:15:00', '16:30:00', 0),
(374, 25, '16:30:00', '16:45:00', 0),
(375, 25, '16:45:00', '17:00:00', 0),
(376, 25, '17:00:00', '17:15:00', 0),
(377, 25, '17:15:00', '17:30:00', 0),
(378, 25, '17:30:00', '17:45:00', 0),
(379, 25, '17:45:00', '18:00:00', 0),
(380, 25, '18:00:00', '18:15:00', 0),
(381, 25, '18:15:00', '18:30:00', 0),
(382, 25, '18:30:00', '18:45:00', 0),
(383, 25, '18:45:00', '19:00:00', 0),
(384, 26, '10:00:00', '10:15:00', 0),
(385, 26, '10:15:00', '10:30:00', 0),
(386, 26, '10:30:00', '10:45:00', 0),
(387, 26, '10:45:00', '11:00:00', 0),
(388, 26, '11:00:00', '11:15:00', 0),
(389, 26, '11:15:00', '11:30:00', 0),
(390, 26, '11:30:00', '11:45:00', 0),
(391, 26, '11:45:00', '12:00:00', 0),
(392, 26, '12:00:00', '12:15:00', 0),
(393, 26, '12:15:00', '12:30:00', 0),
(394, 26, '12:30:00', '12:45:00', 0),
(395, 26, '12:45:00', '13:00:00', 0),
(396, 26, '13:00:00', '13:15:00', 0),
(397, 26, '13:15:00', '13:30:00', 0),
(398, 26, '13:30:00', '13:45:00', 0),
(399, 26, '13:45:00', '14:00:00', 0),
(400, 26, '14:00:00', '14:15:00', 0),
(401, 26, '14:15:00', '14:30:00', 0),
(402, 26, '14:30:00', '14:45:00', 0),
(403, 26, '14:45:00', '15:00:00', 0),
(404, 26, '15:00:00', '15:15:00', 0),
(405, 26, '15:15:00', '15:30:00', 0),
(406, 26, '15:30:00', '15:45:00', 0),
(407, 26, '15:45:00', '16:00:00', 0),
(408, 26, '16:00:00', '16:15:00', 0),
(409, 26, '16:15:00', '16:30:00', 0),
(410, 26, '16:30:00', '16:45:00', 0),
(411, 26, '16:45:00', '17:00:00', 0),
(412, 26, '17:00:00', '17:15:00', 0),
(413, 26, '17:15:00', '17:30:00', 0),
(414, 26, '17:30:00', '17:45:00', 0),
(415, 26, '17:45:00', '18:00:00', 0),
(416, 26, '18:00:00', '18:15:00', 0),
(417, 26, '18:15:00', '18:30:00', 0),
(418, 26, '18:30:00', '18:45:00', 0),
(419, 26, '18:45:00', '19:00:00', 0),
(420, 27, '10:00:00', '10:15:00', 0),
(421, 27, '10:15:00', '10:30:00', 0),
(422, 27, '10:30:00', '10:45:00', 0),
(423, 27, '10:45:00', '11:00:00', 0),
(424, 27, '11:00:00', '11:15:00', 0),
(425, 27, '11:15:00', '11:30:00', 0),
(426, 27, '11:30:00', '11:45:00', 0),
(427, 27, '11:45:00', '12:00:00', 0),
(428, 27, '12:00:00', '12:15:00', 0),
(429, 27, '12:15:00', '12:30:00', 0),
(430, 27, '12:30:00', '12:45:00', 0),
(431, 27, '12:45:00', '13:00:00', 0),
(432, 27, '13:00:00', '13:15:00', 0),
(433, 27, '13:15:00', '13:30:00', 0),
(434, 27, '13:30:00', '13:45:00', 0),
(435, 27, '13:45:00', '14:00:00', 0),
(436, 27, '14:00:00', '14:15:00', 0),
(437, 27, '14:15:00', '14:30:00', 0),
(438, 27, '14:30:00', '14:45:00', 0),
(439, 27, '14:45:00', '15:00:00', 0),
(440, 27, '15:00:00', '15:15:00', 0),
(441, 27, '15:15:00', '15:30:00', 0),
(442, 27, '15:30:00', '15:45:00', 0),
(443, 27, '15:45:00', '16:00:00', 0),
(444, 27, '16:00:00', '16:15:00', 0),
(445, 27, '16:15:00', '16:30:00', 0),
(446, 27, '16:30:00', '16:45:00', 0),
(447, 27, '16:45:00', '17:00:00', 0),
(448, 27, '17:00:00', '17:15:00', 0),
(449, 27, '17:15:00', '17:30:00', 0),
(450, 27, '17:30:00', '17:45:00', 0),
(451, 27, '17:45:00', '18:00:00', 0),
(452, 27, '18:00:00', '18:15:00', 0),
(453, 27, '18:15:00', '18:30:00', 0),
(454, 27, '18:30:00', '18:45:00', 0),
(455, 27, '18:45:00', '19:00:00', 0),
(456, 28, '10:00:00', '10:15:00', 0),
(457, 28, '10:15:00', '10:30:00', 0),
(458, 28, '10:30:00', '10:45:00', 0),
(459, 28, '10:45:00', '11:00:00', 0),
(460, 28, '11:00:00', '11:15:00', 0),
(461, 28, '11:15:00', '11:30:00', 0),
(462, 28, '11:30:00', '11:45:00', 0),
(463, 28, '11:45:00', '12:00:00', 0),
(464, 28, '12:00:00', '12:15:00', 0),
(465, 28, '12:15:00', '12:30:00', 0),
(466, 28, '12:30:00', '12:45:00', 0),
(467, 28, '12:45:00', '13:00:00', 0),
(468, 28, '13:00:00', '13:15:00', 0),
(469, 28, '13:15:00', '13:30:00', 0),
(470, 28, '13:30:00', '13:45:00', 0),
(471, 28, '13:45:00', '14:00:00', 0),
(472, 28, '14:00:00', '14:15:00', 0),
(473, 28, '14:15:00', '14:30:00', 0),
(474, 28, '14:30:00', '14:45:00', 0),
(475, 28, '14:45:00', '15:00:00', 0),
(476, 28, '15:00:00', '15:15:00', 0),
(477, 28, '15:15:00', '15:30:00', 0),
(478, 28, '15:30:00', '15:45:00', 0),
(479, 28, '15:45:00', '16:00:00', 0),
(480, 28, '16:00:00', '16:15:00', 0),
(481, 28, '16:15:00', '16:30:00', 0),
(482, 28, '16:30:00', '16:45:00', 0),
(483, 28, '16:45:00', '17:00:00', 0),
(484, 28, '17:00:00', '17:15:00', 0),
(485, 28, '17:15:00', '17:30:00', 0),
(486, 28, '17:30:00', '17:45:00', 0),
(487, 28, '17:45:00', '18:00:00', 0),
(488, 28, '18:00:00', '18:15:00', 0),
(489, 28, '18:15:00', '18:30:00', 0),
(490, 28, '18:30:00', '18:45:00', 0),
(491, 28, '18:45:00', '19:00:00', 0);

INSERT INTO `users` (`id`, `email`, `first_name`, `last_name`, `cnp`, `phone`, `photo`, `roles`, `password`, `is_active`, `created`, `updated`, `user_type`) VALUES
(3, 'cosmin@gheorghila.com', 'Marin', 'Andrei', '1920530410030', '0724520457', NULL, '[\"ROLE_PATIENT\"]', '$2y$13$2BkjQLWE5WiDKZgLi9ld1OXW7e9k.qwX2iIsPuOGw.JU3DEA38lWq', 0, '2025-02-10 21:49:32', '2025-02-16 14:18:37', 'patient'),
(4, 'cosmin+doctor@gheorghila.com', 'Andrei', 'Ion', '1920530410030', '0724520457', NULL, '[\"ROLE_DOCTOR\"]', '$2y$13$2BkjQLWE5WiDKZgLi9ld1OXW7e9k.qwX2iIsPuOGw.JU3DEA38lWq', 0, '2025-02-10 21:49:32', '2025-02-16 14:18:37', 'doctor'),
(5, 'teodor+doctor@gheorghila.com', 'Teodor', 'Munteanu', '1920530410030', '0724520457', NULL, '[\"ROLE_DOCTOR\"]', '$2y$13$2BkjQLWE5WiDKZgLi9ld1OXW7e9k.qwX2iIsPuOGw.JU3DEA38lWq', 0, '2025-02-10 21:49:32', '2025-02-12 19:57:06', 'doctor'),
(6, 'cosmin+doctor2@gheorghila.com', 'Doctor', 'Two', '1920530410030', '0724520457', NULL, '[\"ROLE_DOCTOR\"]', '$2y$13$sZeXv75sFAS6lOxEeAxlw.NOHXb.2ZMSu5vlHnSsoJ9JxhuDxMpcO', 0, '2025-02-16 16:17:33', '2025-02-17 01:11:12', 'doctor'),
(7, 'cosmin+admin@gheorghila.com', 'Cosmin', 'Admin', '1920530410030', '0724520457', NULL, '[\"ROLE_ADMIN\"]', '$2y$13$mzRYV88lcD38njvWjRvunOcsQPVwk1Y3HHmmlU8d/.EvRZjIZ0gf6', 0, '2025-02-17 22:39:47', '2025-02-17 20:40:19', 'patient');



/*!40101 SET SQL_MODE=@OLD_SQL_MODE */;
/*!40014 SET FOREIGN_KEY_CHECKS=@OLD_FOREIGN_KEY_CHECKS */;
/*!40014 SET UNIQUE_CHECKS=@OLD_UNIQUE_CHECKS */;
/*!40101 SET CHARACTER_SET_CLIENT=@OLD_CHARACTER_SET_CLIENT */;
/*!40101 SET CHARACTER_SET_RESULTS=@OLD_CHARACTER_SET_RESULTS */;
/*!40101 SET COLLATION_CONNECTION=@OLD_COLLATION_CONNECTION */;
/*!40111 SET SQL_NOTES=@OLD_SQL_NOTES */;